°sÃþ,url,L1,L2,L3,L4,L5,L6,L7,L8,L9,L10,L11,L12,L13,L14,L15,L16,L17,L18
©Ô¹Ï«°³ù¬õ°s,https://i.imgur.com/diorIgW.jpg,afnsv,ajnsv,bfnsv,bjnsv,,,,,,,,,,,,,,
Insignia¬õ°s,https://i.imgur.com/pSZcQg4.jpg,afpsv,ajpsv,afnsv,ajnsv,,,,,,,,,,,,,,
¸¯©Ôº~¦~¥÷ªi¯S°s,https://i.imgur.com/o6lYsmx.jpg,dfpsv,djpsv,depsv,,,,,,,,,,,,,,,
¨º©¬³ÀÅD¶O¶é¬õ°s,https://i.imgur.com/4tTK1St.jpg,afpsv,ajpsv,bfpsv,bjpsv,,,,,,,,,,,,,,
³ÀÅD°s²ø¤ë¯«¬õ°s,https://i.imgur.com/Bv3rMtT.jpg,afpsv,aepsv,ajpsv,,,,,,,,,,,,,,,
³¯¦~ªk°ê­»Âb,https://i.imgur.com/7Le5HPb.jpg,cilsv,cinsv,,,,,,,,,,,,,,,,
¹U®®Imperial­»Âb,https://i.imgur.com/EuOJrma.jpg,cglsv,cilsv,celsv,,,,,,,,,,,,,,,
¥P¤§¨¦¥[®³¤j¦B°s,https://i.imgur.com/PRWOdEo.jpg,dimsv,dhmsv,dipsv,dhpsv,,,,,,,,,,,,,,
³Íºq¬ÓµP­»Âb,https://i.imgur.com/oCjPUHl.jpg,cipsv,cjpsv,cilsv,cjlsv,,,,,,,,,,,,,,
³ÀÅD°s²ø¬õ°s,https://i.imgur.com/eRT9RKC.jpg,afpsv,ajpsv,,,,,,,,,,,,,,,,
¬ì§JÄõ¥Õ°s,https://i.imgur.com/xCqVEkW.jpg,bgnsu,binsu,bjnsu,bensu,cgnsu,cinsu,cjnsu,censu,,,,,,,,,,
Hess¨t¦C®L¦h¤º¥Õ°s,https://i.imgur.com/4XvUmxE.jpg,bilsv,belsv,bklsv,cilsv,celsv,cklsv,,,,,,,,,,,,
Ã¹§B»X©§ºû®L¦h¤º¥Õ°s,https://i.imgur.com/hX6ZC7m.jpg,bglsv,bilsv,belsv,bgnsv,binsv,bensv,cglsv,cilsv,celsv,cgnsv,cinsv,censv,,,,,,
¶³Ãú¤§ÆW®L¦h¤º¥Õ°s,https://i.imgur.com/RGGDCju.jpg,bgosv,biosv,bgnsv,binsv,cgosv,ciosv,cgnsv,cinsv,,,,,,,,,,
¶³Ãú¤§ÆW¥ÕÄ¬ºû¯Î¥Õ°s,https://i.imgur.com/xROza8f.jpg,cilsv,chlsv,cklsv,,,,,,,,,,,,,,,
©Ôµá³ù´¼§Qºë¿ï¥Õ¸²µå°s,https://i.imgur.com/w4BpTlJ.jpg,bgosu,bhosu,bglsu,bhlsu,cgosu,chosu,cglsu,chlsu,,,,,,,,,,
´µ¥d¯S¿ï¬õ°s,https://i.imgur.com/3IpC6Zn.jpg,afnsv,ajnsv,bfnsv,bjnsv,,,,,,,,,,,,,,
¿ßÀYÆN±ßºKÄRµ·¬Â·L²¢¥Õ°s,https://i.imgur.com/7sNA2MF.jpg,bgmsu,bimsu,cgmsu,cimsu,dgmsu,dimsu,,,,,,,,,,,,
¿ßÀYÆNÁ÷ÆC¸²µå°s,https://i.imgur.com/9oNKIhw.jpg,bgmsu,bimsu,bemsu,bgpsu,bipsu,bepsu,cgmsu,cimsu,cemsu,cgpsu,cipsu,cepsu,dgmsu,dimsu,demsu,dgpsu,dipsu,depsu
ªk¯÷¶Q±Ú²¢¥Õ°s,https://i.imgur.com/kztENPK.jpg,demsu,depsu,,,,,,,,,,,,,,,,
¬ì§JÄõ¦N°^¹F¬õ°s,https://i.imgur.com/QsQmz7m.jpg,afpsu,akpsu,ajpsu,,,,,,,,,,,,,,,
10¦~ªi¯S¸²µå°s,https://i.imgur.com/3zmDw2T.jpg,dgmsu,dfmsu,dkmsu,dgpsu,dfpsu,dkpsu,,,,,,,,,,,,
¦è°ì·L²¢¬õ°s,https://i.imgur.com/8CjsAwR.jpg,afmsu,aemsu,afpsu,aepsu,dfmsu,demsu,dfpsu,depsu,,,,,,,,,,
¥d¨¹ºë¿ï¬õ°s,https://i.imgur.com/GG4UJ7o.jpg,afpsu,ajpsu,akpsu,,,,,,,,,,,,,,,
®L§B«Ò²¦©Ô¶ø¬õ°s,https://i.imgur.com/9YgNSTR.jpg,afpsu,afmsu,,,,,,,,,,,,,,,,
¶Â¦Ï¬õ°s,https://i.imgur.com/IQLThHp.jpg,afpsu,aepsu,ajpsu,afnsu,aensu,ajnsu,bfpsu,bepsu,bjpsu,bfnsu,bensu,bjnsu,,,,,,
®w¥§¬ÃÂÃ¬õ°s,https://i.imgur.com/gERzNU3.jpg,afnsu,aknsu,ajnsu,bfnsu,bknsu,bjnsu,,,,,,,,,,,,
Å²½à®a¬ÃÂÃ¯Å§Æ«¢¬õ°s,https://i.imgur.com/0EXGIxQ.jpg,afnsu,ajnsu,,,,,,,,,,,,,,,,
­·¦æªÌ¶Â¥Ö¿Õ¬õ°s,https://i.imgur.com/mMsKVJU.jpg,afnsv,ajnsv,aensv,bfnsv,bjnsv,bensv,,,,,,,,,,,,
«ô­Û°s²ø¶Â¥Ö¿Õ¬õ°s,https://i.imgur.com/9KqAkA8.jpg,afpsv,aepsv,bfpsv,bepsv,,,,,,,,,,,,,,
µµ¤Q¦r¸g¨å¬õ°s,https://i.imgur.com/ok5TVbS.jpg,afpsv,aepsv,afnsv,aensv,,,,,,,,,,,,,,
¬ì§JÄõ«X°Ç©£¦{¬õ°s,https://i.imgur.com/USmsc3E.jpg,aflsv,bflsv,,,,,,,,,,,,,,,,
§Æ¬¥µ·³»¯Å¬õ°s,https://i.imgur.com/fAocgrY.jpg,afnsu,ajnsu,bfnsu,bjnsu,,,,,,,,,,,,,,
§¢§B²ú¶®°s²ø¶Â¥Ö¿Õ¬õ°s,https://i.imgur.com/9FbBaDT.jpg,afpsu,ajpsu,akpsu,bfpsu,bjpsu,bkpsu,cfpsu,cjpsu,ckpsu,,,,,,,,,
¤Ú§Q¦ë§Ê¹y¬õ°s,https://i.imgur.com/4cLOdhQ.jpg,afnsu,ajnsu,bfnsu,bjnsu,cfnsu,cjnsu,,,,,,,,,,,,
Meiomi¶Â¥Ö¿Õ¬õ°s,https://i.imgur.com/wtBnX5a.jpg,afpsv,ajpsv,akpsv,,,,,,,,,,,,,,,
¨È´µ´£·L²¢®ðªw°s,https://i.imgur.com/xZ9s7yU.jpg,bimst,bemst,bilst,belst,cimst,cemst,cilst,celst,dimst,demst,dilst,delst,,,,,,
B&G°s¼tºëÆC¬õ°s,https://i.imgur.com/llzWcd8.jpg,afnst,bfnst,,,,,,,,,,,,,,,,
¯Áµá¨Èªü¹Ï¯Á°¨º¸¨©§J¬õ°s,https://i.imgur.com/PzjFfgN.jpg,afmst,akmst,afnst,aknst,,,,,,,,,,,,,,
¼w¹p¨kÀï¬ÃÂÃ¬õ°s,https://i.imgur.com/OHCYIyk.jpg,afnsu,ajnsu,aflsu,ajlsu,bfnsu,bjnsu,bflsu,bjlsu,,,,,,,,,,
ª÷¤Q¦r¥d¥»¤ºÄ¬ºû¯Î¬õ°s,https://i.imgur.com/ndSTccD.jpg,afnsu,ajnsu,bfnsu,bjnsu,,,,,,,,,,,,,,
¨Í°s®v¬õ°s,https://i.imgur.com/J7gDA9I.jpg,afnst,ajnst,bfnst,bjnst,,,,,,,,,,,,,,
DON DAVIDºë¿ïÄ¬ºû¯Î¬õ°s,https://i.imgur.com/kPrA8HI.jpg,afpst,ajpst,akpst,afnst,ajnst,aknst,bfpst,bjpst,bkpst,bfnst,bjnst,bknst,,,,,,
©Ôµá³ùºë¿ï¬õ°s,https://i.imgur.com/6ROK3Rl.jpg,afnsv,bfnsv,,,,,,,,,,,,,,,,
¦è®¦¨ººû²¢¬õ°s,https://i.imgur.com/h8Zi0Po.jpg,dfmst,dflst,,,,,,,,,,,,,,,,
»X¤jºû¤ì¾ô°s²ø¬õ°s,https://i.imgur.com/vCZiMIs.jpg,afnst,ajnst,aknst,bfnst,bjnst,bknst,,,,,,,,,,,,
¦ÑÃÃª÷ªâÂL¬õ°s,https://i.imgur.com/CHGtYdO.jpg,afnau,ajnau,aknau,,,,,,,,,,,,,,,
Line 39¶Â¥Ö¿Õ¬õ°s,https://i.imgur.com/2vE9WjY.jpg,aflsu,bflsu,,,,,,,,,,,,,,,,
Ã¹¯B¥j³ù¬õ°s,https://i.imgur.com/g13lnOQ.jpg,afpst,aipst,akpst,,,,,,,,,,,,,,,
Chianti Colli Senesi DOCG,https://i.imgur.com/prSsfwB.jpg,afost,ajost,afpst,ajpst,,,,,,,,,,,,,,
«Â·G±F¶ÂµP³¯¦~¬õ°s,https://i.imgur.com/AeyFsdi.jpg,afnsu,ajnsu,aknsu,,,,,,,,,,,,,,,
¬ì§JÄõ¥d¥»¤ºÄ¬ºû¯Î¬õ°s,https://i.imgur.com/6RaoRJ0.jpg,afnsv,ajnsv,dfnsv,djnsv,,,,,,,,,,,,,,
¬ì§JÄõ¨È¾ú¤s¤j¥d¥»¤ºÄ¬ºû¯Î¬õ°s,https://i.imgur.com/cxWxtal.jpg,afnsu,aknsu,dfnsu,dknsu,,,,,,,,,,,,,,
¹F©Ô¤Ú®aµ¢ÂÃ·¥«~CS¬õ°s,https://i.imgur.com/0byM3CD.jpg,afpsv,ajpsv,afnsv,ajnsv,bfpsv,bjpsv,bfnsv,bjnsv,cfpsv,cjpsv,cfnsv,cjnsv,,,,,,
Ã¹§B»X©§ºû¥d¥»¤ºÄ¬ºû¯Î¬õ°s,https://i.imgur.com/LitjrPC.jpg,ajpsv,aepsv,ajnsv,aensv,,,,,,,,,,,,,,
­ô­Û¤ñ¨È¤õ»ñ°Ä¬õ°s,https://i.imgur.com/2BOzSaQ.jpg,afpsv,aepsv,afnsv,aensv,,,,,,,,,,,,,,
¦h§Q¤hºë¿ï¬_Ã¹¨º¬õ°s,https://i.imgur.com/DdGpe83.jpg,afpsu,ajpsu,afnsu,ajnsu,bfpsu,bjpsu,bfnsu,bjnsu,cfpsu,cjpsu,cfnsu,cjnsu,,,,,,
Freakshow¥d¥»¤ºÄ¬ºû¯Î¬õ°s,https://i.imgur.com/nx6zuxq.jpg,aipsu,akpsu,ainsu,aknsu,bipsu,bkpsu,binsu,bknsu,,,,,,,,,,
»¨«Ò¶Ç©Ó¥d¥»¤ºÄ¬ºû¯Î¬õ°s,https://i.imgur.com/6jX5iyO.jpg,afpsv,,,,,,,,,,,,,,,,,
­ô­Û¤ñ¨È®p¥d¥»¤º¬õ°s,https://i.imgur.com/k5iSQEv.jpg,ajpsu,afpsu,,,,,,,,,,,,,,,,
©Ôµá³ù¯S¯Å¥d¥»¤º¬õ°s,https://i.imgur.com/LdycM9K.jpg,afnsv,ajnsv,,,,,,,,,,,,,,,,
B&G 1725ªiº¸¦h¨åÂÃ¬õ°s,https://i.imgur.com/FzTlCSc.jpg,afpst,,,,,,,,,,,,,,,,,
«Jµn³ù¬õ°s,https://i.imgur.com/vn81cGW.jpg,afnsu,bfnsu,,,,,,,,,,,,,,,,
¹FÂÄ³ù¬õ°s,https://i.imgur.com/l34P7gf.jpg,afpsv,ajpsv,,,,,,,,,,,,,,,,
Oveja NegraÆC°s®vµû¿ï¬õ°s    ,https://i.imgur.com/XuIRJwb.jpg,afnsu,,,,,,,,,,,,,,,,,
»X«Ò´µºë¿ï¬õ°s,https://i.imgur.com/DVw9Aez.jpg,ajpsu,akpsu,ajnsu,aknsu,,,,,,,,,,,,,,
Chateau Cap De Faugeres¬õ°s,https://i.imgur.com/W6Vt52H.jpg,afmsu,ajmsu,afnsu,ajnsu,,,,,,,,,,,,,,
Cenyth Red Blend¬õ°s,https://i.imgur.com/dwbYcl6.jpg,afnsv,ajnsv,aensv,bfnsv,bjnsv,bensv,,,,,,,,,,,,
Chateau Castengnes¬õ°s,https://i.imgur.com/e14hWgX.jpg,afpsu,akpsu,afnsu,aknsu,bfpsu,bkpsu,bfnsu,bknsu,,,,,,,,,,
¥dªùÂÄ§J«°³ù¬õ°s,https://i.imgur.com/LVVRtiD.jpg,afpsv,akpsv,afnsv,aknsv,dfpsv,dkpsv,dfnsv,dknsv,,,,,,,,,,
¬ì§JÄõÃ±¦W­ô­Û¤ñ¨È¨¦¥d¥»¤º¬õ°s,https://i.imgur.com/Xy7d3MK.jpg,afnsu,ajnsu,,,,,,,,,,,,,,,,
§J°Ò¨F°s³ù¬õ°s,https://i.imgur.com/YVk6nFG.jpg,afnsv,ajnsv,,,,,,,,,,,,,,,,
«Â¤h¹F¬ü¸g¨åÄ¬ºû¯Î¬õ°s,https://i.imgur.com/Az2yX5N.jpg,afnsu,ajnsu,,,,,,,,,,,,,,,,
¬£§J°s²ø95 Block¬õ°s,https://i.imgur.com/bx1VGuy.jpg,afpsv,akpsv,,,,,,,,,,,,,,,,
»®´µªüÃ¹±KÄ¬ºû¯Î¬õ°s,https://i.imgur.com/1Bu5Tkw.jpg,afpsv,afnsv,cfpsv,cfnsv,,,,,,,,,,,,,,
»È¤Q¦rºë¿ï¬õ°s,https://i.imgur.com/BF8mCIN.jpg,afost,ajost,akost,bfost,bjost,bkost,,,,,,,,,,,,
BANROCK S.®L¦h¤º¥Õ°s,https://i.imgur.com/JtBHzZ5.jpg,biost,bkost,ciost,ckost,,,,,,,,,,,,,,
²ï¯S°s²ø±K«ä¹Å²¢¥Õ°s,https://i.imgur.com/uiQALGw.jpg,dimqt,demqt,dipqt,depqt,dimst,demst,dipst,depst,,,,,,,,,,
³Á®æ®Ú¶Â¼Ð¬õ°s,https://i.imgur.com/xEQfDT6.jpg,afmst,ajmst,bfmst,bjmst,,,,,,,,,,,,,,
¬üÄRªá¶é¥Ö¿Õ¶ð¯Å¬õ°s,https://i.imgur.com/s6CmRDf.jpg,afpsu,akpsu,ajpsu,bfpsu,bkpsu,bjpsu,,,,,,,,,,,,
M.A.N. Vintners Shiraz¬õ°s,https://i.imgur.com/9kVzrSe.jpg,afpst,ajpst,afnst,ajnst,bfpst,bjpst,bfnst,bjnst,,,,,,,,,,
¬ì§JÄõ¦Ç¥Ö¿Õ¥Õ°s,https://i.imgur.com/uOUgi3z.jpg,cgost,ckost,ceost,,,,,,,,,,,,,,,
¸tº¿®æÄR¯S¦Ç¥Ö¿Õ¥Õ°s,https://i.imgur.com/cieIFt7.jpg,cgosu,ciosu,,,,,,,,,,,,,,,,
¬ì§JÄõ®L¦h¤º¥Õ°s,https://i.imgur.com/NpHxSxV.jpg,bimsu,bhmsu,binsu,bhnsu,cimsu,chmsu,cinsu,chnsu,,,,,,,,,,
¬d²z¥v±K´µ¥\¤Ò¤k«ÄÄRµ·¬Â¥Õ°s,https://i.imgur.com/mIrdIZT.jpg,bgmsu,bimsu,bhmsu,bgpsu,bipsu,bhpsu,cgmsu,cimsu,chmsu,cgpsu,cipsu,chpsu,,,,,,
²ö´µÄõÄRµ·¬Â±ßºK²¢¥Õ°s,https://i.imgur.com/0PiNDj5.jpg,biost,beost,ciost,ceost,,,,,,,,,,,,,,
MAN Vintners Chenin Blanc ¥Õ°s,https://i.imgur.com/5e4vJOd.jpg,bgmst,bhmst,bimst,bgnst,bhnst,binst,,,,,,,,,,,,
¤T¤H¬õ°s,https://i.imgur.com/oddE2xa.jpg,afmqu,ajmqu,afnqu,ajnqu,bfmqu,bjmqu,bfnqu,bjnqu,afmsu,ajmsu,afnsu,ajnsu,bfmsu,bjmsu,bfnsu,bjnsu,,
¸t¶ðº¿®æÄR¯S±ö¬¥¬õ°s,https://i.imgur.com/fKCEod9.jpg,afnst,ajnst,afost,ajost,,,,,,,,,,,,,,
¥[¦{°s²ø¬õ°s,https://i.imgur.com/pS0aIQn.jpg,afnsu,ainsu,aknsu,bfnsu,binsu,bknsu,,,,,,,,,,,,
JOOSTENBERG¥d¥»¤ºÄ¬ºû¯Î¬õ°s,https://i.imgur.com/C4uamo6.jpg,afnst,aknst,bfnst,bknst,,,,,,,,,,,,,,
¸tº¿²ú¥j¨å©_´­²Ä¬õ°s,https://i.imgur.com/vSaEAXZ.jpg,ajnsu,aensu,afnsu,bjnsu,bensu,bfnsu,,,,,,,,,,,,
ÅS­¸¿Õªü¦èªü¿Õ¸g¨å±¶¦w´£¬õ°s,https://i.imgur.com/8HfyMob.jpg,aensu,afnsu,ajnsu,aknsu,bensu,bfnsu,bjnsu,bknsu,,,,,,,,,,
ÅS­¸¿Õ»X´£¥¬§Æ¨È¿Õ¬õ°s,https://i.imgur.com/BzCAwlq.jpg,aensv,afnsv,aknsv,bensv,bfnsv,bknsv,,,,,,,,,,,,
»X¶ð©_¿Õ¥¬¾|¤º¬¥¬õ°s,https://i.imgur.com/6btHgSL.jpg,afosv,aeosv,afnsv,aensv,bfosv,beosv,bfnsv,bensv,,,,,,,,,,
¬ì§JÄõ¸p¦W¦«´µ¥d¯Ç¬õ°s,https://i.imgur.com/0I6l6mm.jpg,afnsu,ajnsu,aknsu,bfnsu,bjnsu,bknsu,,,,,,,,,,,,
¤C©v¸oª÷¯»ÂL¬õ°s,https://i.imgur.com/eVbMryK.jpg,afosu,ajosu,akosu,bfosu,bjosu,bkosu,,,,,,,,,,,,
­ô­Û¤ñ¨È®p¯S¯Å²ø¶é±ö¬¥¬õ°s,https://i.imgur.com/5lTDJIq.jpg,aflsu,ajlsu,,,,,,,,,,,,,,,,
§JÃ¹¥ì¤ì®ä«°³ùªiº¸¦h¬õ°s,https://i.imgur.com/52y6R7k.jpg,ajpsu,akpsu,bjpsu,bkpsu,,,,,,,,,,,,,,
Ã¹¬f»X©§ºû±ö¬¥¬õ°s,https://i.imgur.com/TI3fKDA.jpg,ajpsv,afpsv,ajnsv,afnsv,,,,,,,,,,,,,,
,,,,,,,,,,,,,,,,,,,
,,,,,,,,,,,,,,,,,,,
,,,,,,,,,,,0,,,,,,,,
