v,酒類,url,L1,L2,L3,L4,L5,L6,L7,L8,L9,L10,L11,L12,L13,L14,L15,L16,L17,L18,L19,L20,L21,L22,L23,L24,L25,L26,L27,L28,L29,L30,L31,L32,L33,L34,L35,L36
v,拉圖城堡紅酒,https://i.imgur.com/diorIgW.jpg,afnsv,ajnsv,bfnsv,bjnsv,,,,,,,,,,,,,,,,,,,,,,,,,,,,,,,,
,Insignia紅酒,https://i.imgur.com/pSZcQg4.jpg,afpsv,ajpsv,afnsv,ajnsv,,,,,,,,,,,,,,,,,,,,,,,,,,,,,,,,
,葛拉漢年份波特酒,https://i.imgur.com/o6lYsmx.jpg,dfpsv,djpsv,depsv,,,,,,,,,,,,,,,,,,,,,,,,,,,,,,,,,
,那帕鹿躍費園紅酒,https://i.imgur.com/4tTK1St.jpg,afpsv,ajpsv,bfpsv,bjpsv,,,,,,,,,,,,,,,,,,,,,,,,,,,,,,,,
,鹿躍酒莊月神紅酒,https://i.imgur.com/Bv3rMtT.jpg,afpsv,aepsv,ajpsv,,,,,,,,,,,,,,,,,,,,,,,,,,,,,,,,,
,陳年法國香檳,https://i.imgur.com/7Le5HPb.jpg,cilsv,cinsv,,,,,,,,,,,,,,,,,,,,,,,,,,,,,,,,,,
,酩悅Imperial香檳,https://i.imgur.com/EuOJrma.jpg,cglsv,cilsv,celsv,,,,,,,,,,,,,,,,,,,,,,,,,,,,,,,,,
,仙之谷加拿大冰酒,https://i.imgur.com/PRWOdEo.jpg,dimsv,dhmsv,dipsv,dhpsv,,,,,,,,,,,,,,,,,,,,,,,,,,,,,,,,
,凱歌皇牌香檳,https://i.imgur.com/oCjPUHl.jpg,cipsv,cjpsv,cilsv,cjlsv,,,,,,,,,,,,,,,,,,,,,,,,,,,,,,,,
,鹿躍酒莊紅酒,https://i.imgur.com/eRT9RKC.jpg,afpsv,ajpsv,,,,,,,,,,,,,,,,,,,,,,,,,,,,,,,,,,
,科克蘭白酒,https://i.imgur.com/xCqVEkW.jpg,bgnsu,binsu,bjnsu,bensu,cgnsu,cinsu,cjnsu,censu,,,,,,,,,,,,,,,,,,,,,,,,,,,,
,Hess系列夏多內白酒,https://i.imgur.com/4XvUmxE.jpg,bilsv,belsv,bklsv,cilsv,celsv,cklsv,,,,,,,,,,,,,,,,,,,,,,,,,,,,,,
,羅伯蒙岱維夏多內白酒,https://i.imgur.com/hX6ZC7m.jpg,bglsv,bilsv,belsv,bgnsv,binsv,bensv,cglsv,cilsv,celsv,cgnsv,cinsv,censv,,,,,,,,,,,,,,,,,,,,,,,,
,雲霧之灣夏多內白酒,https://i.imgur.com/RGGDCju.jpg,bgosv,biosv,bgnsv,binsv,cgosv,ciosv,cgnsv,cinsv,,,,,,,,,,,,,,,,,,,,,,,,,,,,
,雲霧之灣白蘇維翁白酒,https://i.imgur.com/xROza8f.jpg,cilsv,chlsv,cklsv,cglsv,,,,,,,,,,,,,,,,,,,,,,,,,,,,,,,,
,拉菲堡智利精選白葡萄酒,https://i.imgur.com/w4BpTlJ.jpg,bgosu,bhosu,bglsu,bhlsu,cgosu,chosu,cglsu,chlsu,,,,,,,,,,,,,,,,,,,,,,,,,,,,
,斯卡特選紅酒,https://i.imgur.com/3IpC6Zn.jpg,afnsv,ajnsv,bfnsv,bjnsv,,,,,,,,,,,,,,,,,,,,,,,,,,,,,,,,
,貓頭鷹晚摘麗絲玲微甜白酒,https://i.imgur.com/7sNA2MF.jpg,bgmsu,bimsu,cgmsu,cimsu,dgmsu,dimsu,,,,,,,,,,,,,,,,,,,,,,,,,,,,,,
,貓頭鷹霜釀葡萄酒,https://i.imgur.com/9oNKIhw.jpg,bgmsu,bimsu,bemsu,bgpsu,bipsu,bepsu,cgmsu,cimsu,cemsu,cgpsu,cipsu,cepsu,dgmsu,dimsu,demsu,dgpsu,dipsu,depsu,,,,,,,,,,,,,,,,,,
,法茲貴族甜白酒,https://i.imgur.com/kztENPK.jpg,demsu,depsu,,,,,,,,,,,,,,,,,,,,,,,,,,,,,,,,,,
,科克蘭吉貢達紅酒,https://i.imgur.com/QsQmz7m.jpg,afpsu,akpsu,ajpsu,,,,,,,,,,,,,,,,,,,,,,,,,,,,,,,,,
,10年波特葡萄酒,https://i.imgur.com/3zmDw2T.jpg,dgmsu,dfmsu,dkmsu,dgpsu,dfpsu,dkpsu,,,,,,,,,,,,,,,,,,,,,,,,,,,,,,
,西域微甜紅酒,https://i.imgur.com/8CjsAwR.jpg,afmsu,aemsu,afpsu,aepsu,dfmsu,demsu,dfpsu,depsu,,,,,,,,,,,,,,,,,,,,,,,,,,,,
,卡邦精選紅酒,https://i.imgur.com/GG4UJ7o.jpg,afpsu,ajpsu,akpsu,,,,,,,,,,,,,,,,,,,,,,,,,,,,,,,,,
,夏伯帝畢拉奧紅酒,https://i.imgur.com/9YgNSTR.jpg,afpsu,afmsu,,,,,,,,,,,,,,,,,,,,,,,,,,,,,,,,,,
,黑羊紅酒,https://i.imgur.com/IQLThHp.jpg,afpsu,aepsu,ajpsu,afnsu,aensu,ajnsu,bfpsu,bepsu,bjpsu,bfnsu,bensu,bjnsu,,,,,,,,,,,,,,,,,,,,,,,,
,庫尼珍藏紅酒,https://i.imgur.com/gERzNU3.jpg,afnsu,aknsu,ajnsu,bfnsu,bknsu,bjnsu,,,,,,,,,,,,,,,,,,,,,,,,,,,,,,
,鑑賞家珍藏級希哈紅酒,https://i.imgur.com/0EXGIxQ.jpg,afnsu,ajnsu,,,,,,,,,,,,,,,,,,,,,,,,,,,,,,,,,,
,風行者黑皮諾紅酒,https://i.imgur.com/mMsKVJU.jpg,afnsv,ajnsv,aensv,bfnsv,bjnsv,bensv,,,,,,,,,,,,,,,,,,,,,,,,,,,,,,
,拜倫酒莊黑皮諾紅酒,https://i.imgur.com/9KqAkA8.jpg,afpsv,aepsv,bfpsv,bepsv,,,,,,,,,,,,,,,,,,,,,,,,,,,,,,,,
,紫十字經典紅酒,https://i.imgur.com/ok5TVbS.jpg,afpsv,aepsv,afnsv,aensv,,,,,,,,,,,,,,,,,,,,,,,,,,,,,,,,
,科克蘭俄勒岡州紅酒,https://i.imgur.com/USmsc3E.jpg,aflsv,bflsv,,,,,,,,,,,,,,,,,,,,,,,,,,,,,,,,,,
,希洛絲頂級紅酒,https://i.imgur.com/fAocgrY.jpg,afnsu,ajnsu,bfnsu,bjnsu,,,,,,,,,,,,,,,,,,,,,,,,,,,,,,,,
,坎伯莉雅酒莊黑皮諾紅酒,https://i.imgur.com/9FbBaDT.jpg,afpsu,ajpsu,akpsu,bfpsu,bjpsu,bkpsu,cfpsu,cjpsu,ckpsu,,,,,,,,,,,,,,,,,,,,,,,,,,,
,巴利亨廷頓紅酒,https://i.imgur.com/4cLOdhQ.jpg,afnsu,ajnsu,bfnsu,bjnsu,cfnsu,cjnsu,,,,,,,,,,,,,,,,,,,,,,,,,,,,,,
,Meiomi黑皮諾紅酒,https://i.imgur.com/wtBnX5a.jpg,afpsv,ajpsv,akpsv,,,,,,,,,,,,,,,,,,,,,,,,,,,,,,,,,
,亞斯提微甜氣泡酒,https://i.imgur.com/xZ9s7yU.jpg,bimst,bemst,bilst,belst,cimst,cemst,cilst,celst,dimst,demst,dilst,delst,,,,,,,,,,,,,,,,,,,,,,,,
,B&G酒廠精釀紅酒,https://i.imgur.com/llzWcd8.jpg,afnst,bfnst,,,,,,,,,,,,,,,,,,,,,,,,,,,,,,,,,,
,索菲亞阿圖索馬爾貝克紅酒,https://i.imgur.com/PzjFfgN.jpg,afmst,akmst,afnst,aknst,,,,,,,,,,,,,,,,,,,,,,,,,,,,,,,,
,德雷男爵珍藏紅酒,https://i.imgur.com/OHCYIyk.jpg,afnsu,ajnsu,aflsu,ajlsu,bfnsu,bjnsu,bflsu,bjlsu,,,,,,,,,,,,,,,,,,,,,,,,,,,,
,金十字卡本內蘇維翁紅酒,https://i.imgur.com/ndSTccD.jpg,afnsu,ajnsu,bfnsu,bjnsu,,,,,,,,,,,,,,,,,,,,,,,,,,,,,,,,
,侍酒師紅酒,https://i.imgur.com/J7gDA9I.jpg,afnst,ajnst,bfnst,bjnst,,,,,,,,,,,,,,,,,,,,,,,,,,,,,,,,
,DON DAVID精選蘇維翁紅酒,https://i.imgur.com/kPrA8HI.jpg,afpst,ajpst,akpst,afnst,ajnst,aknst,bfpst,bjpst,bkpst,bfnst,bjnst,bknst,,,,,,,,,,,,,,,,,,,,,,,,
,拉菲堡精選紅酒,https://i.imgur.com/6ROK3Rl.jpg,afnsv,bfnsv,,,,,,,,,,,,,,,,,,,,,,,,,,,,,,,,,,
,西恩那維甜紅酒,https://i.imgur.com/h8Zi0Po.jpg,dfmst,dflst,,,,,,,,,,,,,,,,,,,,,,,,,,,,,,,,,,
,蒙大維木橋酒莊紅酒,https://i.imgur.com/vCZiMIs.jpg,afnst,ajnst,aknst,bfnst,bjnst,bknst,,,,,,,,,,,,,,,,,,,,,,,,,,,,,,
,老藤金芬黛紅酒,https://i.imgur.com/CHGtYdO.jpg,afnau,ajnau,aknau,,,,,,,,,,,,,,,,,,,,,,,,,,,,,,,,,
,Line 39黑皮諾紅酒,https://i.imgur.com/2vE9WjY.jpg,aflsu,bflsu,,,,,,,,,,,,,,,,,,,,,,,,,,,,,,,,,,
,羅浮古堡紅酒,https://i.imgur.com/g13lnOQ.jpg,afpst,aipst,akpst,,,,,,,,,,,,,,,,,,,,,,,,,,,,,,,,,
,Chianti Colli Senesi DOCG,https://i.imgur.com/prSsfwB.jpg,afost,ajost,afpst,ajpst,,,,,,,,,,,,,,,,,,,,,,,,,,,,,,,,
,威廉寇黑牌陳年紅酒,https://i.imgur.com/AeyFsdi.jpg,afnsu,ajnsu,aknsu,,,,,,,,,,,,,,,,,,,,,,,,,,,,,,,,,
,科克蘭卡本內蘇維翁紅酒,https://i.imgur.com/6RaoRJ0.jpg,afnsv,ajnsv,dfnsv,djnsv,,,,,,,,,,,,,,,,,,,,,,,,,,,,,,,,
,科克蘭亞歷山大卡本內蘇維翁紅酒,https://i.imgur.com/cxWxtal.jpg,afnsu,aknsu,dfnsu,dknsu,,,,,,,,,,,,,,,,,,,,,,,,,,,,,,,,
,達拉巴家窖藏極品CS紅酒,https://i.imgur.com/0byM3CD.jpg,afpsv,ajpsv,afnsv,ajnsv,bfpsv,bjpsv,bfnsv,bjnsv,cfpsv,cjpsv,cfnsv,cjnsv,,,,,,,,,,,,,,,,,,,,,,,,
,羅伯蒙岱維卡本內蘇維翁紅酒,https://i.imgur.com/LitjrPC.jpg,ajpsv,aepsv,ajnsv,aensv,,,,,,,,,,,,,,,,,,,,,,,,,,,,,,,,
,哥倫比亞火鳳凰紅酒,https://i.imgur.com/2BOzSaQ.jpg,afpsv,aepsv,afnsv,aensv,,,,,,,,,,,,,,,,,,,,,,,,,,,,,,,,
,多利士精選柯羅那紅酒,https://i.imgur.com/DdGpe83.jpg,afpsu,ajpsu,afnsu,ajnsu,bfpsu,bjpsu,bfnsu,bjnsu,cfpsu,cjpsu,cfnsu,cjnsu,,,,,,,,,,,,,,,,,,,,,,,,
,Freakshow卡本內蘇維翁紅酒,https://i.imgur.com/nx6zuxq.jpg,aipsu,akpsu,ainsu,aknsu,bipsu,bkpsu,binsu,bknsu,,,,,,,,,,,,,,,,,,,,,,,,,,,,
,豪帝傳承卡本內蘇維翁紅酒,https://i.imgur.com/6jX5iyO.jpg,afpsv,,,,,,,,,,,,,,,,,,,,,,,,,,,,,,,,,,,
,哥倫比亞峰卡本內紅酒,https://i.imgur.com/k5iSQEv.jpg,ajpsu,afpsu,,,,,,,,,,,,,,,,,,,,,,,,,,,,,,,,,,
,拉菲堡特級卡本內紅酒,https://i.imgur.com/LdycM9K.jpg,afnsv,ajnsv,,,,,,,,,,,,,,,,,,,,,,,,,,,,,,,,,,
,B&G 1725波爾多典藏紅酒,https://i.imgur.com/FzTlCSc.jpg,afpst,,,,,,,,,,,,,,,,,,,,,,,,,,,,,,,,,,,
,侯登堡紅酒,https://i.imgur.com/vn81cGW.jpg,afnsu,bfnsu,,,,,,,,,,,,,,,,,,,,,,,,,,,,,,,,,,
,達薩堡紅酒,https://i.imgur.com/l34P7gf.jpg,afpsv,ajpsv,,,,,,,,,,,,,,,,,,,,,,,,,,,,,,,,,,
,Oveja Negra釀酒師評選紅酒    ,https://i.imgur.com/XuIRJwb.jpg,afnsu,,,,,,,,,,,,,,,,,,,,,,,,,,,,,,,,,,,
,蒙帝斯精選紅酒,https://i.imgur.com/DVw9Aez.jpg,ajpsu,akpsu,ajnsu,aknsu,,,,,,,,,,,,,,,,,,,,,,,,,,,,,,,,
,Chateau Cap De Faugeres紅酒,https://i.imgur.com/W6Vt52H.jpg,afmsu,ajmsu,afnsu,ajnsu,,,,,,,,,,,,,,,,,,,,,,,,,,,,,,,,
,Cenyth Red Blend紅酒,https://i.imgur.com/dwbYcl6.jpg,afnsv,ajnsv,aensv,bfnsv,bjnsv,bensv,,,,,,,,,,,,,,,,,,,,,,,,,,,,,,
,Chateau Castengnes紅酒,https://i.imgur.com/e14hWgX.jpg,afpsu,akpsu,afnsu,aknsu,bfpsu,bkpsu,bfnsu,bknsu,,,,,,,,,,,,,,,,,,,,,,,,,,,,
,卡門薩克城堡紅酒,https://i.imgur.com/LVVRtiD.jpg,afpsv,akpsv,afnsv,aknsv,dfpsv,dkpsv,dfnsv,dknsv,,,,,,,,,,,,,,,,,,,,,,,,,,,,
,科克蘭簽名哥倫比亞谷卡本內紅酒,https://i.imgur.com/Xy7d3MK.jpg,afnsu,ajnsu,,,,,,,,,,,,,,,,,,,,,,,,,,,,,,,,,,
,克曼沙酒堡紅酒,https://i.imgur.com/YVk6nFG.jpg,afnsv,ajnsv,,,,,,,,,,,,,,,,,,,,,,,,,,,,,,,,,,
,威士達美經典蘇維翁紅酒,https://i.imgur.com/Az2yX5N.jpg,afnsu,ajnsu,,,,,,,,,,,,,,,,,,,,,,,,,,,,,,,,,,
,派克酒莊95 Block紅酒,https://i.imgur.com/bx1VGuy.jpg,afpsv,akpsv,,,,,,,,,,,,,,,,,,,,,,,,,,,,,,,,,,
,赫斯阿羅密蘇維翁紅酒,https://i.imgur.com/1Bu5Tkw.jpg,afpsv,afnsv,cfpsv,cfnsv,,,,,,,,,,,,,,,,,,,,,,,,,,,,,,,,
,銀十字精選紅酒,https://i.imgur.com/BF8mCIN.jpg,afost,ajost,akost,bfost,bjost,bkost,,,,,,,,,,,,,,,,,,,,,,,,,,,,,,
,BANROCK S.夏多內白酒,https://i.imgur.com/JtBHzZ5.jpg,biost,bkost,ciost,ckost,,,,,,,,,,,,,,,,,,,,,,,,,,,,,,,,
,莎特酒莊密思嘉甜白酒,https://i.imgur.com/uiQALGw.jpg,dimqt,demqt,dipqt,depqt,dimst,demst,dipst,depst,,,,,,,,,,,,,,,,,,,,,,,,,,,,
,麥格根黑標紅酒,https://i.imgur.com/xEQfDT6.jpg,afmst,ajmst,bfmst,bjmst,,,,,,,,,,,,,,,,,,,,,,,,,,,,,,,,
,美麗花園皮諾塔級紅酒,https://i.imgur.com/s6CmRDf.jpg,afpsu,akpsu,ajpsu,bfpsu,bkpsu,bjpsu,,,,,,,,,,,,,,,,,,,,,,,,,,,,,,
,M.A.N. Vintners Shiraz紅酒,https://i.imgur.com/9kVzrSe.jpg,afpst,ajpst,afnst,ajnst,bfpst,bjpst,bfnst,bjnst,,,,,,,,,,,,,,,,,,,,,,,,,,,,
,科克蘭灰皮諾白酒,https://i.imgur.com/uOUgi3z.jpg,cgost,ckost,ceost,,,,,,,,,,,,,,,,,,,,,,,,,,,,,,,,,
,聖瑪格麗特灰皮諾白酒,https://i.imgur.com/cieIFt7.jpg,cgosu,ciosu,ceosu,,,,,,,,,,,,,,,,,,,,,,,,,,,,,,,,,
,科克蘭夏多內白酒,https://i.imgur.com/NpHxSxV.jpg,bimsu,binsu,bhmsu,bhnsu,bemsu,bensu,cimsu,cinsu,chmsu,chnsu,cemsu,censu,,,,,,,,,,,,,,,,,,,,,,,,
,查理史密斯功夫女孩麗絲玲白酒,https://i.imgur.com/mIrdIZT.jpg,bgmsu,bgpsu,bhmsu,bhpsu,cgmsu,cgpsu,chmsu,chpsu,,,,,,,,,,,,,,,,,,,,,,,,,,,,
,莫斯蘭麗絲玲晚摘甜白酒,https://i.imgur.com/0PiNDj5.jpg,biost,beost,bgost,ciost,ceost,cgost,,,,,,,,,,,,,,,,,,,,,,,,,,,,,,
,MAN Vintners Chenin Blanc 白酒,https://i.imgur.com/5e4vJOd.jpg,bgmst,bhmst,bimst,bgnst,bhnst,binst,,,,,,,,,,,,,,,,,,,,,,,,,,,,,,
,三人紅酒,https://i.imgur.com/oddE2xa.jpg,afmqu,ajmqu,afnqu,ajnqu,bfmqu,bjmqu,bfnqu,bjnqu,afmsu,ajmsu,afnsu,ajnsu,bfmsu,bjmsu,bfnsu,bjnsu,,,,,,,,,,,,,,,,,,,,
,聖塔瑪格麗特梅洛紅酒,https://i.imgur.com/fKCEod9.jpg,afnst,ajnst,afost,ajost,,,,,,,,,,,,,,,,,,,,,,,,,,,,,,,,
,加州酒莊紅酒,https://i.imgur.com/pS0aIQn.jpg,afnsu,agnsu,aknsu,bfnsu,bgnsu,bknsu,,,,,,,,,,,,,,,,,,,,,,,,,,,,,,
,JOOSTENBERG卡本內蘇維翁紅酒,https://i.imgur.com/C4uamo6.jpg,afnst,aknst,bfnst,bknst,,,,,,,,,,,,,,,,,,,,,,,,,,,,,,,,
,聖瑪莉古典奇揚第紅酒,https://i.imgur.com/vSaEAXZ.jpg,ajnsu,aensu,afnsu,bjnsu,bensu,bfnsu,,,,,,,,,,,,,,,,,,,,,,,,,,,,,,
,露飛諾阿西阿諾經典捷安提紅酒,https://i.imgur.com/8HfyMob.jpg,aensu,afnsu,ajnsu,aknsu,bensu,bfnsu,bjnsu,bknsu,,,,,,,,,,,,,,,,,,,,,,,,,,,,
,露飛諾蒙提布希亞諾紅酒,https://i.imgur.com/BzCAwlq.jpg,aensv,afnsv,aknsv,bensv,bfnsv,bknsv,,,,,,,,,,,,,,,,,,,,,,,,,,,,,,
,蒙塔奇諾布魯內洛紅酒,https://i.imgur.com/6btHgSL.jpg,afosv,aeosv,afnsv,aensv,bfosv,beosv,bfnsv,bensv,,,,,,,,,,,,,,,,,,,,,,,,,,,,
,科克蘭署名托斯卡納紅酒,https://i.imgur.com/0I6l6mm.jpg,afnsu,ajnsu,aknsu,bfnsu,bjnsu,bknsu,,,,,,,,,,,,,,,,,,,,,,,,,,,,,,
,七宗罪金粉黛紅酒,https://i.imgur.com/eVbMryK.jpg,afosu,ajosu,akosu,bfosu,bjosu,bkosu,,,,,,,,,,,,,,,,,,,,,,,,,,,,,,
,哥倫比亞峰特級莊園梅洛紅酒,https://i.imgur.com/5lTDJIq.jpg,aflsu,ajlsu,,,,,,,,,,,,,,,,,,,,,,,,,,,,,,,,,,
,克羅伊木桐城堡波爾多紅酒,https://i.imgur.com/52y6R7k.jpg,ajpsu,akpsu,bjpsu,bkpsu,,,,,,,,,,,,,,,,,,,,,,,,,,,,,,,,
,羅柏蒙岱維梅洛紅酒,https://i.imgur.com/TI3fKDA.jpg,ajpsv,afpsv,ajnsv,afnsv,,,,,,,,,,,,,,,,,,,,,,,,,,,,,,,,
,冰靈麗絲玲白酒,https://i.imgur.com/ayEhLJO.jpg,cgdru,cidru,,,,,,,,,,,,,,,,,,,,,,,,,,,,,,,,,,
,冰靈黑皮諾微甜粉紅酒,https://i.imgur.com/iZOf77h.jpg,bflqu,belqu,bfnqu,benqu,cflqu,celqu,cfnqu,cenqu,,,,,,,,,,,,,,,,,,,,,,,,,,,,
,冰靈梅洛紅酒,https://i.imgur.com/j2GBeVw.jpg,afmru,afnru,afmqu,afnqu,bfmru,bfnru,bfmqu,bfnqu,,,,,,,,,,,,,,,,,,,,,,,,,,,,
,多利士艾斯瑪瑞達甜白酒,https://i.imgur.com/GDDU4mI.jpg,bglrt,bglqu,belrt,belqu,cglrt,cglqu,celrt,celqu,,,,,,,,,,,,,,,,,,,,,,,,,,,,
,小花微甜麝香白酒,https://i.imgur.com/3XEcyRW.jpg,dgmrt,demqu,,,,,,,,,,,,,,,,,,,,,,,,,,,,,,,,,,
,囍瑞鳥啼有機白酒,https://i.imgur.com/F5NQg6p.jpg,chnru,chlru,dhnru,dhlru,,,,,,,,,,,,,,,,,,,,,,,,,,,,,,,,
,囍瑞鳥啼有機紅酒,https://i.imgur.com/TcmG8EI.jpg,afnru,aenru,bfnru,benru,dfnru,denru,,,,,,,,,,,,,,,,,,,,,,,,,,,,,,
,囍瑞愛情有機紅酒,https://i.imgur.com/ZqQCRPX.jpg,afnru,aknru,bfnru,bknru,,,,,,,,,,,,,,,,,,,,,,,,,,,,,,,,
,龍社堡有機紅酒,https://i.imgur.com/cecwoSE.jpg,afnqu,ajnqu,bfnqu,bjnqu,,,,,,,,,,,,,,,,,,,,,,,,,,,,,,,,
,艾爾貝羅花卉博巴爾有機紅酒,https://i.imgur.com/8cI0y4e.jpg,afnrt,,,,,,,,,,,,,,,,,,,,,,,,,,,,,,,,,,,
,北極星耀陽有機紅酒,https://i.imgur.com/WjM3w4t.jpg,afmru,aemru,afmqu,aemqu,bfmru,bemru,bfmqu,bemqu,cfmru,cemru,cfmqu,cemqu,,,,,,,,,,,,,,,,,,,,,,,,
,葛米爾有機紅酒,https://i.imgur.com/SvlzZ7f.jpg,afpqu,bfpqu,,,,,,,,,,,,,,,,,,,,,,,,,,,,,,,,,,
,嘉露金牌慕斯卡白酒,https://i.imgur.com/mVBdqGG.jpg,dgort,dgprt,dgoqt,dgpqt,deort,deprt,deoqt,depqt,diort,diprt,dioqt,dipqt,,,,,,,,,,,,,,,,,,,,,,,,
,嘉露金牌卡本內蘇維翁紅酒,https://i.imgur.com/LJmNs8I.jpg,afnrt,ajnrt,afort,ajort,dfnrt,djnrt,dfort,djort,,,,,,,,,,,,,,,,,,,,,,,,,,,,
,嘉露金牌梅洛紅酒,https://i.imgur.com/khfH20N.jpg,afnqt,ajnqt,bfnqt,bjnqt,,,,,,,,,,,,,,,,,,,,,,,,,,,,,,,,
,嘉露超級玫瑰紅酒,https://i.imgur.com/X1iCiHK.jpg,dimrt,dinrt,dhmrt,dhnrt,,,,,,,,,,,,,,,,,,,,,,,,,,,,,,,,
,玉泉金香白酒,https://i.imgur.com/wI6JpHO.jpg,bglrt,bilrt,bhlrt,cglrt,cilrt,chlrt,,,,,,,,,,,,,,,,,,,,,,,,,,,,,,
,玉泉法國紅酒,https://i.imgur.com/i7ZlOmr.jpg,afort,ajort,akort,,,,,,,,,,,,,,,,,,,,,,,,,,,,,,,,,
,玉泉台灣之美紅酒,https://i.imgur.com/XzOlUF8.jpg,afnrt,aknrt,,,,,,,,,,,,,,,,,,,,,,,,,,,,,,,,,,
,玉泉特級玫瑰紅酒,https://i.imgur.com/jh5EzSg.jpg,afmrt,afprt,bfmrt,bfprt,cfmrt,cfprt,,,,,,,,,,,,,,,,,,,,,,,,,,,,,,
,玉泉特級紅酒,https://i.imgur.com/lCjdETB.jpg,afmrt,aemrt,bfmrt,bemrt,,,,,,,,,,,,,,,,,,,,,,,,,,,,,,,,
,玉泉紅標紅麴葡萄酒,https://i.imgur.com/HshC1Jk.jpg,afmrt,ajmrt,aflrt,ajlrt,,,,,,,,,,,,,,,,,,,,,,,,,,,,,,,,
,香奈特歪脖子夏多內白酒,https://i.imgur.com/oYoMxyC.jpg,bhnru,bjnru,,,,,,,,,,,,,,,,,,,,,,,,,,,,,,,,,,
,香奈特歪脖子梅洛紅酒,https://i.imgur.com/KQnQWmn.jpg,bforu,bfnru,bjoru,bjnru,dforu,dfnru,djoru,djnru,,,,,,,,,,,,,,,,,,,,,,,,,,,,
,香奈特歪脖子施赫紅酒,https://i.imgur.com/sreg5Su.jpg,afnru,afpru,ajnru,ajpru,bfnru,bfpru,bjnru,bjpru,cfnru,cfpru,cjnru,cjpru,,,,,,,,,,,,,,,,,,,,,,,,
,香奈特歪脖子黃冠氣泡酒,https://i.imgur.com/fh3E4A6.jpg,afmru,aemru,bfmru,bemru,dfmru,demru,,,,,,,,,,,,,,,,,,,,,,,,,,,,,,
,香奈特歪脖子粉冠氣泡酒,https://i.imgur.com/LChM8Rz.jpg,dfmru,,,,,,,,,,,,,,,,,,,,,,,,,,,,,,,,,,,
,奇蒂雅遲收甜白酒,https://i.imgur.com/hZp25GI.jpg,dfmrt,dimrt,djmrt,,,,,,,,,,,,,,,,,,,,,,,,,,,,,,,,,
,凱芙氣泡甜酒,https://i.imgur.com/PmBSBus.jpg,aemqt,afmqt,aemlt,afmlt,bemqt,bfmqt,bemlt,bfmlt,demqt,dfmqt,demlt,dfmlt,,,,,,,,,,,,,,,,,,,,,,,,
,庫克斯氣泡酒,https://i.imgur.com/RPoHmDU.jpg,bilqt,bglqt,cilqt,cglqt,,,,,,,,,,,,,,,,,,,,,,,,,,,,,,,,
,庫倫斯香檳,https://i.imgur.com/Uq1HdiN.jpg,bilqv,bglqv,bjlqv,cilqv,cglqv,cjlqv,,,,,,,,,,,,,,,,,,,,,,,,,,,,,,
,庫倫斯玫瑰香檳,https://i.imgur.com/qsEDCyU.jpg,bioqv,bgoqv,bjoqv,cioqv,cgoqv,cjoqv,,,,,,,,,,,,,,,,,,,,,,,,,,,,,,
,寶帝加浪漫粉分子氣泡酒(草莓),https://i.imgur.com/eyU6pSC.jpg,bfnqv,benqv,cfnqv,cenqv,,,,,,,,,,,,,,,,,,,,,,,,,,,,,,,,
,寶帝加浪漫金分子氣泡酒(柑橘),https://i.imgur.com/UHlNPMd.jpg,bgnqv,bhnqv,cgnqv,chnqv,,,,,,,,,,,,,,,,,,,,,,,,,,,,,,,,
,寶帝加浪漫紅分子氣泡酒(櫻桃),https://i.imgur.com/RoVBSYp.jpg,bfnqv,bhnqv,cfnqv,chnqv,,,,,,,,,,,,,,,,,,,,,,,,,,,,,,,,
,莎特金芬黛粉紅酒,https://i.imgur.com/j6h3IQ2.jpg,bfmqt,bemqt,bgmqt,cfmqt,cemqt,cgmqt,,,,,,,,,,,,,,,,,,,,,,,,,,,,,,
,莎特梅洛紅酒,https://i.imgur.com/SG0lD5M.jpg,aflqt,ajlqt,aklqt,afnqt,ajnqt,aknqt,bflqt,bjlqt,bklqt,bfnqt,bjnqt,bknqt,,,,,,,,,,,,,,,,,,,,,,,,
,艾思綺幻普羅旺斯粉紅酒,https://i.imgur.com/UINqBks.jpg,afnqv,aenqv,agnqv,cfnqv,cenqv,cgnqv,,,,,,,,,,,,,,,,,,,,,,,,,,,,,,
,安德烈氣泡酒,https://i.imgur.com/gNQD8Q3.jpg,bimqt,bgmqt,cimqt,cgmqt,,,,,,,,,,,,,,,,,,,,,,,,,,,,,,,,
,禾富鷹牌氣泡酒,https://i.imgur.com/6zsmKMC.jpg,cglqt,cilqt,,,,,,,,,,,,,,,,,,,,,,,,,,,,,,,,,,
,康緹氣泡酒,https://i.imgur.com/rto9IeQ.jpg,dhnqu,dhmqu,denqu,demqu,denqu,demqu,,,,,,,,,,,,,,,,,,,,,,,,,,,,,,
,韓可氣泡酒,https://i.imgur.com/abBKVIE.jpg,cipqu,cepqu,,,,,,,,,,,,,,,,,,,,,,,,,,,,,,,,,,
,托斯堤慕斯卡多微甜白酒,https://i.imgur.com/9rZlYWp.jpg,demqv,dhmqv,dimqv,,,,,,,,,,,,,,,,,,,,,,,,,,,,,,,,,
,托斯堤慕斯卡多粉紅微甜氣泡酒,https://i.imgur.com/hzaAdTp.jpg,dimqv,dfmqv,,,,,,,,,,,,,,,,,,,,,,,,,,,,,,,,,,
,托斯堤紅心微甜紅酒,https://i.imgur.com/6KJHRbt.jpg,delqv,,,,,,,,,,,,,,,,,,,,,,,,,,,,,,,,,,,
,托斯提阿斯堤微甜氣泡酒,https://i.imgur.com/og3QCLM.jpg,dioqv,deoqv,,,,,,,,,,,,,,,,,,,,,,,,,,,,,,,,,,
,露飛諾氣泡酒,https://i.imgur.com/HiUlb4g.jpg,bilqv,bglqv,cilqv,cglqv,dilqv,dglqv,,,,,,,,,,,,,,,,,,,,,,,,,,,,,,
,露飛諾捷安提D.O.C.G.紅酒,https://i.imgur.com/kVRF9sp.jpg,aelrt,aflrt,ajlrt,belrt,bflrt,bjlrt,,,,,,,,,,,,,,,,,,,,,,,,,,,,,,
,露飛諾杜卡爾精選捷安提紅酒-土牌,https://i.imgur.com/LYNz5U5.jpg,afnqv,aenqv,ajnqv,bfnqv,benqv,bjnqv,,,,,,,,,,,,,,,,,,,,,,,,,,,,,,
,雀拉微氣泡白酒,https://i.imgur.com/JiHtqMM.jpg,bimqt,bilqt,cimqt,cilqt,,,,,,,,,,,,,,,,,,,,,,,,,,,,,,,,
,雀拉微氣泡紅酒,https://i.imgur.com/d9KOHjY.jpg,afmrt,afmqt,aflrt,aflqt,aemrt,aemqt,aelrt,aelqt,ajmrt,ajmqt,ajlrt,ajlqt,dfmrt,dfmqt,dflrt,dflqt,demrt,demqt,delrt,delqt,djmrt,djmqt,djlrt,djlqt,,,,,,,,,,,,
,加泰隆氣泡酒,https://i.imgur.com/exXJ2IB.jpg,bfpqu,bfnqu,bepqu,benqu,cfpqu,cfnqu,cepqu,cenqu,dfpqu,dfnqu,depqu,denqu,,,,,,,,,,,,,,,,,,,,,,,,
,迴音金芬黛粉紅酒,https://i.imgur.com/cnU0cZf.jpg,aflqt,bflq,,,,,,,,,,,,,,,,,,,,,,,,,,,,,,,,,,
,迴音梅洛紅酒,https://i.imgur.com/amp0KXw.jpg,afnqu,,,,,,,,,,,,,,,,,,,,,,,,,,,,,,,,,,,
,迴音卡本內蘇維翁紅酒,https://i.imgur.com/BVaR6mt.jpg,afpqu,afnqu,bfpqu,bfnqu,,,,,,,,,,,,,,,,,,,,,,,,,,,,,,,,
,閨蜜粉紅氣泡酒,https://i.imgur.com/Hkhoef6.jpg,cilqu,cinqu,,,,,,,,,,,,,,,,,,,,,,,,,,,,,,,,,,
,聖塔瑪格莉特氣泡酒,https://i.imgur.com/3cgcqaX.jpg,cipqt,,,,,,,,,,,,,,,,,,,,,,,,,,,,,,,,,,,
,丹赫氣泡酒,https://i.imgur.com/vtUy1E5.jpg,dhlqu,dglqu,dilqu,,,,,,,,,,,,,,,,,,,,,,,,,,,,,,,,,
,寶蘭美蜜桃氣泡酒,https://i.imgur.com/TXjVK8Q.jpg,dilqu,dimqu,dglqu,dgmqu,,,,,,,,,,,,,,,,,,,,,,,,,,,,,,,,
,蘿朵莊園精選花季氣泡酒,https://i.imgur.com/8U0sq91.jpg,dimqv,dinqv,demqv,denqv,,,,,,,,,,,,,,,,,,,,,,,,,,,,,,,,
,慕斯卡朵白氣泡酒,https://i.imgur.com/VjlSQzb.jpg,dgmqu,dimqu,,,,,,,,,,,,,,,,,,,,,,,,,,,,,,,,,,
,慕斯卡朵粉紅氣泡酒,https://i.imgur.com/qBgT7fw.jpg,dfmqu,dfpqu,,,,,,,,,,,,,,,,,,,,,,,,,,,,,,,,,,
,康蒂雅不甜氣泡酒,https://i.imgur.com/39PTlOd.jpg,bilqt,bglqt,cilqt,cglqt,,,,,,,,,,,,,,,,,,,,,,,,,,,,,,,,
,波培氣泡甜白酒,https://i.imgur.com/ZUtxKwL.jpg,agmqt,aimqt,ajmqt,aemqt,bgmqt,bimqt,bjmqt,bemqt,cgmqt,cimqt,cjmqt,cemqt,dgmqt,dimqt,djmqt,demqt,,,,,,,,,,,,,,,,,,,,
,波培氣泡白酒,https://i.imgur.com/3SuY12u.jpg,ailqt,aglqt,bilqt,bglqt,cilqt,cglqt,,,,,,,,,,,,,,,,,,,,,,,,,,,,,,
,坎帕羅拉酒莊氣泡酒,https://i.imgur.com/ww4DYgn.jpg,chmqu,chlqu,cimqu,cilqu,,,,,,,,,,,,,,,,,,,,,,,,,,,,,,,,
,米娜多特雷維索氣泡酒,https://i.imgur.com/pfoINdq.jpg,cilqv,celqv,,,,,,,,,,,,,,,,,,,,,,,,,,,,,,,,,,
,巴洛亞雨果氣泡酒,https://i.imgur.com/bsrizHr.jpg,delqt,dglqt,djlqt,,,,,,,,,,,,,,,,,,,,,,,,,,,,,,,,,
,巴洛亞荔枝氣泡酒,https://i.imgur.com/OnZfMhJ.jpg,dilqt,dipqt,dglqt,dgpqt,,,,,,,,,,,,,,,,,,,,,,,,,,,,,,,,
,威廉水蜜桃氣泡酒,https://i.imgur.com/CRsZV9d.jpg,dilqt,,,,,,,,,,,,,,,,,,,,,,,,,,,,,,,,,,,
,巴塔希慕斯卡多微甜氣泡酒,https://i.imgur.com/97OlyNJ.jpg,cflqt,cfmqt,cilqt,cimqt,,,,,,,,,,,,,,,,,,,,,,,,,,,,,,,,
,蒙多羅氣泡酒,https://i.imgur.com/zYaGTG2.jpg,bilqu,binqu,bhlqu,bhnqu,cilqu,cinqu,chlqu,chnqu,,,,,,,,,,,,,,,,,,,,,,,,,,,,
,鴕鳥氣泡白酒,https://i.imgur.com/T9ZBuda.jpg,bhlqt,bilqt,belqt,bglqt,chlqt,cilqt,celqt,cglqt,dhlqt,dilqt,delqt,dglqt,,,,,,,,,,,,,,,,,,,,,,,,
,卡迪威氣泡酒,https://i.imgur.com/k3ofLHD.jpg,bilqu,bioqu,bglqu,bgoqu,belqu,beoqu,cilqu,cioqu,cglqu,cgoqu,celqu,ceoqu,,,,,,,,,,,,,,,,,,,,,,,,
,克萊喜水蜜桃氣泡酒,https://i.imgur.com/pDnTDLo.jpg,cilqt,cimqt,dilqt,dimqt,,,,,,,,,,,,,,,,,,,,,,,,,,,,,,,,
,情盼多倫特粉紅微甜氣泡酒,https://i.imgur.com/Jrp39sK.jpg,dfmqv,demqv,dhmqv,,,,,,,,,,,,,,,,,,,,,,,,,,,,,,,,,
,JC粉紅氣泡酒,https://i.imgur.com/JBVcLnh.jpg,afmqt,aflqt,ahmqt,ahlqt,,,,,,,,,,,,,,,,,,,,,,,,,,,,,,,,
,JC氣泡酒,https://i.imgur.com/rbzTzhL.jpg,bhlqt,chlqt,,,,,,,,,,,,,,,,,,,,,,,,,,,,,,,,,,
,地中海波曼桐粉紅酒,https://i.imgur.com/dPJxiIv.jpg,dflqt,dglqt,delqt,,,,,,,,,,,,,,,,,,,,,,,,,,,,,,,,,
,貝林格金芬黛粉紅酒,https://i.imgur.com/Ye45VCu.jpg,bilqu,binqu,bflqu,bfnqu,bglqu,bgnqu,dilqu,dinqu,dflqu,dfnqu,dglqu,dgnqu,,,,,,,,,,,,,,,,,,,,,,,,
,貝林格慕斯卡多白酒,https://i.imgur.com/mZPBRs8.jpg,dimru,,,,,,,,,,,,,,,,,,,,,,,,,,,,,,,,,,,
,貝林格夏多內白酒,https://i.imgur.com/0gTAkIJ.jpg,bglru,cglru,,,,,,,,,,,,,,,,,,,,,,,,,,,,,,,,,,
,布隆嘉谷莊園蘇維翁白酒,https://i.imgur.com/uI8Q0cd.jpg,cilqt,celqt,chlqt,cjlqt,cglqt,,,,,,,,,,,,,,,,,,,,,,,,,,,,,,,
,3人黃金夏多內白酒,https://i.imgur.com/GJBrxTT.jpg,chpqu,chnqu,cjpqu,cjnqu,cepqu,cenqu,,,,,,,,,,,,,,,,,,,,,,,,,,,,,,
,真我系列慕斯卡白酒,https://i.imgur.com/OrSBFBw.jpg,dimqu,dilqu,demqu,delqu,,,,,,,,,,,,,,,,,,,,,,,,,,,,,,,,
,巴富慕斯卡粉紅酒,https://i.imgur.com/C35xZGF.jpg,bglqt,belqt,bflqt,bgnqt,benqt,bfnqt,dglqt,delqt,dflqt,dgnqt,denqt,dfnqt,,,,,,,,,,,,,,,,,,,,,,,,
,巴富慕斯卡白酒,https://i.imgur.com/psczi2l.jpg,dilqt,dglqt,,,,,,,,,,,,,,,,,,,,,,,,,,,,,,,,,,
,巴富卡本內蘇維翁紅酒,https://i.imgur.com/XtzRRRG.jpg,afmqu,aemqu,,,,,,,,,,,,,,,,,,,,,,,,,,,,,,,,,,
,愛茉拉慕斯卡多甜白酒,https://i.imgur.com/ZTFAW25.jpg,bimqu,bilqu,bemqu,belqu,cimqu,cilqu,cemqu,celqu,dimqu,dilqu,demqu,delqu,,,,,,,,,,,,,,,,,,,,,,,,
,三風酒之舞白蘇維翁白酒,https://i.imgur.com/lEqoycV.jpg,cglqu,celqu,,,,,,,,,,,,,,,,,,,,,,,,,,,,,,,,,,
,愛瑜珈慕斯甜白酒,https://i.imgur.com/785eVLa.jpg,bhmqt,bhpqt,bimqt,bipqt,dhmqt,dhpqt,dimqt,dipqt,,,,,,,,,,,,,,,,,,,,,,,,,,,,
,愛瑜珈格納切希哈紅酒,https://i.imgur.com/AMT7WEr.jpg,afnqt,bfnqt,,,,,,,,,,,,,,,,,,,,,,,,,,,,,,,,,,
,阿爾薩斯斐得萊格烏茲塔明娜,https://i.imgur.com/SNAsbMK.jpg,bipqu,bepqu,cipqu,cepqu,,,,,,,,,,,,,,,,,,,,,,,,,,,,,,,,
,阿爾薩斯麗絲玲白酒,https://i.imgur.com/BknuUTE.jpg,bhlqu,bhoqu,chlqu,choqu,,,,,,,,,,,,,,,,,,,,,,,,,,,,,,,,
,南法小豬格納希粉紅酒,https://i.imgur.com/2fNWSBA.jpg,bflqu,bilqu,belqu,,,,,,,,,,,,,,,,,,,,,,,,,,,,,,,,,
,偷酒賊慕斯卡甜白酒,https://i.imgur.com/O7DeUXn.jpg,cemqu,cenqu,cimqu,cinqu,cgmqu,cgnqu,demqu,denqu,dimqu,dinqu,dgmqu,dgnqu,,,,,,,,,,,,,,,,,,,,,,,,
,畢比格雷茲瘋狂之家白酒,https://i.imgur.com/rD3klv2.jpg,cglqv,celqv,,,,,,,,,,,,,,,,,,,,,,,,,,,,,,,,,,
,若林慕斯卡微氣泡白酒,https://i.imgur.com/D23I4CG.jpg,cilqu,celqu,,,,,,,,,,,,,,,,,,,,,,,,,,,,,,,,,,
,利達民亨利父子夏多內白酒,https://i.imgur.com/VSTJgbR.jpg,bhnru,bhnqu,bgnru,bgnqu,binru,binqu,chnru,chnqu,cgnru,cgnqu,cinru,cinqu,,,,,,,,,,,,,,,,,,,,,,,,
,利達民亨利父子系列施赫卡貝納紅酒,https://i.imgur.com/SWhgEx5.jpg,afnrt,afnqu,ajnrt,ajnqu,,,,,,,,,,,,,,,,,,,,,,,,,,,,,,,,
,皇妃慕斯卡白酒,https://i.imgur.com/dZPGJ93.jpg,cinqt,cimqt,cenqt,cemqt,dinqt,dimqt,denqt,demqt,,,,,,,,,,,,,,,,,,,,,,,,,,,,
,彼得美德聖母乳白酒,https://i.imgur.com/JKv45vp.jpg,bfmqt,bemqt,cfmqt,cemqt,,,,,,,,,,,,,,,,,,,,,,,,,,,,,,,,
,畢麗特莉卡本內蘇維翁冰酒,https://i.imgur.com/L85TtcR.jpg,dinqv,denqv,dgnqv,,,,,,,,,,,,,,,,,,,,,,,,,,,,,,,,,
,伊拉蘇晚收蘇維翁濃甜酒,https://i.imgur.com/Ki0aqCe.jpg,delqv,dglqv,dilqv,,,,,,,,,,,,,,,,,,,,,,,,,,,,,,,,,
,伊拉蘇莊園希哈紅酒,https://i.imgur.com/ukUrYXn.jpg,afmqv,ajmqv,aemqv,,,,,,,,,,,,,,,,,,,,,,,,,,,,,,,,,
,伊拉蘇莊園卡本內紅酒,https://i.imgur.com/DdrXXo8.jpg,ajlqv,ajoqv,aflqv,afoqv,ailqv,aioqv,,,,,,,,,,,,,,,,,,,,,,,,,,,,,,
,伊拉蘇莊園梅洛紅酒,https://i.imgur.com/u8bws30.jpg,afnqv,ajnqv,aknqv,,,,,,,,,,,,,,,,,,,,,,,,,,,,,,,,,
,修道院慕斯卡微甜白酒,https://i.imgur.com/p58jVFt.jpg,delqu,demqu,dilqu,dimqu,,,,,,,,,,,,,,,,,,,,,,,,,,,,,,,,
,小胖卡維歐尼耶白酒,https://i.imgur.com/fylqeHg.jpg,bilqu,belqu,bglqu,cilqu,celqu,cglqu,,,,,,,,,,,,,,,,,,,,,,,,,,,,,,
,小胖卡卡本內蘇維翁紅酒,https://i.imgur.com/ay4VODP.jpg,afpru,aaoru,afpru,aforu,,,,,,,,,,,,,,,,,,,,,,,,,,,,,,,,
,小胖卡希哈小維鐸紅酒,https://i.imgur.com/Cz6lcvW.jpg,afprt,afpqu,ajprt,ajpqu,aeprt,aepqu,akprt,akpqu,,,,,,,,,,,,,,,,,,,,,,,,,,,,
,麥格根信念夏多內白酒,https://i.imgur.com/o3IcFNc.jpg,binqu,benqu,cinqu,cenqu,,,,,,,,,,,,,,,,,,,,,,,,,,,,,,,,
,國王之泉拉風慕斯卡阿斯提白酒,https://i.imgur.com/FI8K3x4.jpg,delqv,dilqv,djlqv,,,,,,,,,,,,,,,,,,,,,,,,,,,,,,,,,
,國王之泉拉風紅酒,https://i.imgur.com/xUvBHxq.jpg,dfnqv,djnqv,,,,,,,,,,,,,,,,,,,,,,,,,,,,,,,,,,
,瑞斯優質微甜白酒,https://i.imgur.com/jYCxW93.jpg,bglqu,bilqu,bgmqu,bimqu,cglqu,cilqu,cgmqu,cimqu,,,,,,,,,,,,,,,,,,,,,,,,,,,,
,丹赫1794慕斯卡白酒,https://i.imgur.com/1qCLEqe.jpg,bflqu,bfmqu,belqu,bemqu,cflqu,cfmqu,celqu,cemqu,,,,,,,,,,,,,,,,,,,,,,,,,,,,
,艾比及亞夏多內白酒,https://i.imgur.com/Sn6606j.jpg,bhpqv,bipqv,chpqv,cipqv,,,,,,,,,,,,,,,,,,,,,,,,,,,,,,,,
,里程碑夏多內酒,https://i.imgur.com/4ze3nKj.jpg,bhlqu,bklqu,bhmqu,bkmqu,chlqu,cklqu,chmqu,ckmqu,,,,,,,,,,,,,,,,,,,,,,,,,,,,
,佳布列凡都丘白酒,https://i.imgur.com/ttsbnId.jpg,bilqv,,,,,,,,,,,,,,,,,,,,,,,,,,,,,,,,,,,
,美賽兒莊園甜白酒,https://i.imgur.com/u9gm2f4.jpg,aelqu,aglqu,ajlqu,aenqu,agnqu,ajnqu,dglqu,djlqu,denqu,dgnqu,djnqu,,,,,,,,,,,,,,,,,,,,,,,,,
,隆河丘積架酒廠白酒,https://i.imgur.com/MAd61gb.jpg,cepqu,cgpqu,cipqu,,,,,,,,,,,,,,,,,,,,,,,,,,,,,,,,,
,隆河丘積架酒廠紅酒,https://i.imgur.com/zxBaZGm.jpg,afpqu,afnqu,ajpqu,ajnqu,bfpqu,bfnqu,bjpqu,bjnqu,,,,,,,,,,,,,,,,,,,,,,,,,,,,
,隆河丘黑布体諾紅酒,https://i.imgur.com/8S0hpDq.jpg,afpqu,afoqu,,,,,,,,,,,,,,,,,,,,,,,,,,,,,,,,,,
,隆河克羅艾米達維達,https://i.imgur.com/VW3Fkia.jpg,afpqv,afnqv,,,,,,,,,,,,,,,,,,,,,,,,,,,,,,,,,,
,阿德雷邱9石夏多內白酒,https://i.imgur.com/3IqpUK4.jpg,binqu,bhnqu,bjnqu,cinqu,chnqu,cjnqu,,,,,,,,,,,,,,,,,,,,,,,,,,,,,,
,海格酒莊麗絲玲白酒,https://i.imgur.com/PPtoZgp.jpg,celqv,cilqv,cjlqv,,,,,,,,,,,,,,,,,,,,,,,,,,,,,,,,,
,葛堡經典綠維特利納白酒,https://i.imgur.com/KZeV9QR.jpg,bilqv,bjlqv,cilqv,cjlqv,,,,,,,,,,,,,,,,,,,,,,,,,,,,,,,,
,那荷塔麗絲玲微甜白酒,https://i.imgur.com/k4w2GNr.jpg,bimqu,cimqu,,,,,,,,,,,,,,,,,,,,,,,,,,,,,,,,,,
,那荷塔麗絲玲晚摘不甜白酒,https://i.imgur.com/x0RZtVk.jpg,cilqu,,,,,,,,,,,,,,,,,,,,,,,,,,,,,,,,,,,
,那荷塔麗絲玲晚摘甜白酒,https://i.imgur.com/qDtkzzu.jpg,dimqu,dilqu,dgmqu,dglqu,dkmqu,dklqu,demqu,delqu,,,,,,,,,,,,,,,,,,,,,,,,,,,,
,彼得美德晚摘白酒,https://i.imgur.com/YF2Nqnn.jpg,dimqu,dipqu,,,,,,,,,,,,,,,,,,,,,,,,,,,,,,,,,,
,彼得美德品巴黎梅洛紅酒,https://i.imgur.com/72BzeET.jpg,afnqt,bfnqt,,,,,,,,,,,,,,,,,,,,,,,,,,,,,,,,,,
,彼得梅德鉑金麗絲玲甜白酒,https://i.imgur.com/K1U39zP.jpg,dgmqt,dimqt,demqt,,,,,,,,,,,,,,,,,,,,,,,,,,,,,,,,,
,塞爾巴哈麗絲玲經典白酒,https://i.imgur.com/NfcFLl1.jpg,bgoqv,bioqv,bjoqv,bkoqv,bgnqv,binqv,bjnqv,bknqv,cgoqv,cioqv,cjoqv,ckoqv,cgnqv,cinqv,cjnqv,cknqv,,,,,,,,,,,,,,,,,,,,
,塞爾巴哈紅標麗絲玲白酒,https://i.imgur.com/EAWXf2S.jpg,cglqv,cilqv,celqv,cklqv,,,,,,,,,,,,,,,,,,,,,,,,,,,,,,,,
,聖艾瑪卡門內爾珍藏紅酒,https://i.imgur.com/WmwsPYS.jpg,afnqu,ajnqu,bfnqu,bjnqu,,,,,,,,,,,,,,,,,,,,,,,,,,,,,,,,
,聖艾瑪卡本內珍藏紅酒,https://i.imgur.com/50tOT8I.jpg,afnqu,,,,,,,,,,,,,,,,,,,,,,,,,,,,,,,,,,,
,18獨立紀念日梅洛紅酒,https://i.imgur.com/umzqf3i.jpg,afmru,afnru,ajmru,ajnru,bfmru,bfnru,bjmru,bjnru,,,,,,,,,,,,,,,,,,,,,,,,,,,,
,18獨立紀念日卡本內蘇維翁紅酒,https://i.imgur.com/QGt2B1z.jpg,afnru,,,,,,,,,,,,,,,,,,,,,,,,,,,,,,,,,,,
,安娜卡娜梅洛紅酒,https://i.imgur.com/0KJxPDs.jpg,afnru,,,,,,,,,,,,,,,,,,,,,,,,,,,,,,,,,,,
, 聖海倫娜夏多內白酒,https://i.imgur.com/MZYXuCv.jpg,chlru,celru,cilru,,,,,,,,,,,,,,,,,,,,,,,,,,,,,,,,,
,聖海倫娜歡飲系列梅洛紅酒,https://i.imgur.com/xINQTpK.jpg,afnrt,bfnqu,,,,,,,,,,,,,,,,,,,,,,,,,,,,,,,,,,
,聖海倫娜歡飲系列卡本內蘇維翁紅酒,https://i.imgur.com/eaVLnBR.jpg,afnqu,ajnqu,bfnqu,bjnqu,,,,,,,,,,,,,,,,,,,,,,,,,,,,,,,,
,七色鳥卡本內蘇維翁紅酒,https://i.imgur.com/sF59GqI.jpg,afprt,afpqt,akprt,akpqt,bfprt,bfpqt,bkprt,bkpqt,,,,,,,,,,,,,,,,,,,,,,,,,,,,
,七色鳥梅洛紅酒,https://i.imgur.com/UfeOzQk.jpg,aknrt,aknqt,bknrt,bknqt,,,,,,,,,,,,,,,,,,,,,,,,,,,,,,,,
,七色鳥特藏卡本內派斯紅酒,https://i.imgur.com/6ACxHY3.jpg,afpqv,akpqv,,,,,,,,,,,,,,,,,,,,,,,,,,,,,,,,,,
,七色鳥特藏卡蜜尼耶神索紅酒,https://i.imgur.com/QtW1TgJ.jpg,afpqv,afoqv,ajpqv,ajoqv,,,,,,,,,,,,,,,,,,,,,,,,,,,,,,,,
,智利之星珍藏級美洛紅酒,https://i.imgur.com/VnbcN3T.jpg,afnrt,ajnrt,bfnrt,bjnrt,,,,,,,,,,,,,,,,,,,,,,,,,,,,,,,,
,智利之星帕斯庫雅美洛紅葡萄酒,https://i.imgur.com/PvnlRK4.jpg,afprt,afpqt,afnrt,afnqt,,,,,,,,,,,,,,,,,,,,,,,,,,,,,,,,
,寶龍精釀卡本內蘇維翁紅酒,https://i.imgur.com/VABvfYR.jpg,afnrv,aforv,ajnrv,ajorv,,,,,,,,,,,,,,,,,,,,,,,,,,,,,,,,
,路易菲利普晚摘白酒,https://i.imgur.com/8JGs8Jw.jpg,dgmru,dimru,demru,,,,,,,,,,,,,,,,,,,,,,,,,,,,,,,,,
,路易菲利普白牌白蘇維翁白酒,https://i.imgur.com/Q4vf5de.jpg,cgnru,cgnqu,chnru,chnqu,,,,,,,,,,,,,,,,,,,,,,,,,,,,,,,,
,路易菲利普白牌卡本內蘇維翁紅酒,https://i.imgur.com/Wbw7rUC.jpg,afpru,afpqu,afnru,afnqu,ajpru,ajpqu,ajnru,ajnqu,akpru,akpqu,aknru,aknqu,bfpru,bfpqu,bfnru,bfnqu,bjpru,bjpqu,bjnru,bjnqu,bkpru,bkpqu,bknru,bknqu,,,,,,,,,,,,
,路易菲利普白牌施赫紅酒,https://i.imgur.com/4jibMNY.jpg,aflru,aflqu,bflru,bflqu,,,,,,,,,,,,,,,,,,,,,,,,,,,,,,,,
,路易菲利普白金牌施赫紅酒,https://i.imgur.com/mUA98uo.jpg,aflqv,ajlqv,aklqv,bflqv,bjlqv,bklqv,,,,,,,,,,,,,,,,,,,,,,,,,,,,,,
,路易菲利普紅牌卡蜜尼耶紅酒,https://i.imgur.com/2lWJQHU.jpg,afpqu,bfpqu,,,,,,,,,,,,,,,,,,,,,,,,,,,,,,,,,,
,路易菲利普紅牌梅洛紅酒,https://i.imgur.com/cLvUMq5.jpg,ajnqu,aknqu,bjnqu,bknqu,,,,,,,,,,,,,,,,,,,,,,,,,,,,,,,,
,路易佳鐸皮諾瓦拉紅酒,https://i.imgur.com/H7miu1k.jpg,afnqv,bfnqv,cfnqv,,,,,,,,,,,,,,,,,,,,,,,,,,,,,,,,,
,路易拉圖法瑪星黑皮諾紅酒,https://i.imgur.com/mBKdSDN.jpg,aflqv,,,,,,,,,,,,,,,,,,,,,,,,,,,,,,,,,,,
,艾米亞娜純淨馬爾貝克紅酒,https://i.imgur.com/fQ5K7gM.jpg,afoqu,bfoqu,,,,,,,,,,,,,,,,,,,,,,,,,,,,,,,,,,
,G7蘇維翁白酒,https://i.imgur.com/nk8z4Aj.jpg,cipqt,cioqt,cjpqt,cjoqt,cgpqt,cgoqt,,,,,,,,,,,,,,,,,,,,,,,,,,,,,,
,G7卡門內爾紅酒,https://i.imgur.com/c67geZZ.jpg,afpqt,akpqt,bfpqt,bkpqt,,,,,,,,,,,,,,,,,,,,,,,,,,,,,,,,
,G7卡本內蘇維翁紅酒,https://i.imgur.com/XeIU5vM.jpg,afnqt,ajnqt,aknqt,bfnqt,bjnqt,bknqt,,,,,,,,,,,,,,,,,,,,,,,,,,,,,,
,智利之星卡本內蘇維翁美洛紅酒,https://i.imgur.com/YhOrqm9.jpg,afnqt,ajnqt,,,,,,,,,,,,,,,,,,,,,,,,,,,,,,,,,,
,智利之星珍藏卡本內蘇維翁紅酒,https://i.imgur.com/x3SaTip.jpg,afnqu,aenqu,,,,,,,,,,,,,,,,,,,,,,,,,,,,,,,,,,
,大牛哥卡蜜尼耶紅酒,https://i.imgur.com/KEaS771.jpg,afoqu,,,,,,,,,,,,,,,,,,,,,,,,,,,,,,,,,,,
,大牛哥卡本內蘇維翁紅酒,https://i.imgur.com/pnUjOK1.jpg,afnqu,,,,,,,,,,,,,,,,,,,,,,,,,,,,,,,,,,,
,鑑賞家自行車卡本內蘇維翁紅酒,https://i.imgur.com/PqCtQfM.jpg,afnqu,ajnqu,,,,,,,,,,,,,,,,,,,,,,,,,,,,,,,,,,
,鑑賞家自行車黑皮諾紅酒,https://i.imgur.com/sP2Ponn.jpg,afoqu,bfoqu,,,,,,,,,,,,,,,,,,,,,,,,,,,,,,,,,,
,邁坡莊園珍藏卡本內蘇維翁紅酒,https://i.imgur.com/rsup2l6.jpg,afnqu,aknqu,,,,,,,,,,,,,,,,,,,,,,,,,,,,,,,,,,
,邁坡莊園珍藏希哈紅酒,https://i.imgur.com/1vVyVPp.jpg,afnqu,bfnqu,,,,,,,,,,,,,,,,,,,,,,,,,,,,,,,,,,
,邁坡莊園精選卡本內蘇維翁紅酒,https://i.imgur.com/VgEdUT0.jpg,afoqu,bfoqu,,,,,,,,,,,,,,,,,,,,,,,,,,,,,,,,,,
,邁坡莊園卡本內梅洛紅酒,https://i.imgur.com/t2U6oXQ.jpg,afnqt,ajnqt,,,,,,,,,,,,,,,,,,,,,,,,,,,,,,,,,,
,邁坡莊園花漾微甜粉紅酒,https://i.imgur.com/B3kslBf.jpg,bfmqu,bgmqu,bimqu,cfmqu,cgmqu,cimqu,dfmqu,dgmqu,dimqu,,,,,,,,,,,,,,,,,,,,,,,,,,,
,邁坡酒莊花漾微甜白酒,https://i.imgur.com/D6sufg9.jpg,dgmqu,demqu,,,,,,,,,,,,,,,,,,,,,,,,,,,,,,,,,,
,傑卡斯雙桶系列卡本內蘇維翁紅酒,https://i.imgur.com/IY2m8FU.jpg,afnqv,,,,,,,,,,,,,,,,,,,,,,,,,,,,,,,,,,,
,聖烏班荷芙麗絲玲白酒,https://i.imgur.com/fe1vLpO.jpg,belqv,bilqv,bklqv,bglqv,celqv,cilqv,cklqv,cglqv,,,,,,,,,,,,,,,,,,,,,,,,,,,,
,麥格根信念卡本內梅洛紅酒,https://i.imgur.com/FrIZJuF.jpg,ajpqu,ajoqu,bjpqu,bjoqu,,,,,,,,,,,,,,,,,,,,,,,,,,,,,,,,
,麥格根信念希哈紅酒,https://i.imgur.com/OptU1HA.jpg,ajpqu,ajnqu,akpqu,aknqu,bjpqu,bjnqu,bkpqu,bknqu,,,,,,,,,,,,,,,,,,,,,,,,,,,,
,麥格根信念卡本內紅酒,https://i.imgur.com/QsmDfLf.jpg,afmqu,akmqu,bfmqu,bkmqu,,,,,,,,,,,,,,,,,,,,,,,,,,,,,,,,
,布隆嘉谷莊園經典紅酒,https://i.imgur.com/87h16Wa.jpg,afnqt,,,,,,,,,,,,,,,,,,,,,,,,,,,,,,,,,,,
,布隆嘉谷莊園卡本內紅酒,https://i.imgur.com/XmRyQhz.jpg,afnqt,aknqt,,,,,,,,,,,,,,,,,,,,,,,,,,,,,,,,,,
,真我系列卡本內蘇維翁紅酒,https://i.imgur.com/7HdHLjW.jpg,afnqu,aknqu,,,,,,,,,,,,,,,,,,,,,,,,,,,,,,,,,,
,真我系列黑皮諾紅酒,https://i.imgur.com/K3sKvYu.jpg,afnqu,,,,,,,,,,,,,,,,,,,,,,,,,,,,,,,,,,,
,傑卡斯梅洛紅酒,https://i.imgur.com/a8rK4TE.jpg,afpqt,akpqt,,,,,,,,,,,,,,,,,,,,,,,,,,,,,,,,,,
,傑卡斯希哈卡本內紅酒,https://i.imgur.com/UswkKfl.jpg,afnqu,aknqu,,,,,,,,,,,,,,,,,,,,,,,,,,,,,,,,,,
,禾富紅牌希哈卡本內紅酒,https://i.imgur.com/gwg3dNT.jpg,afnqt,ajnqt,aknqt,,,,,,,,,,,,,,,,,,,,,,,,,,,,,,,,,
,禾富紅牌卡本內梅洛紅酒,https://i.imgur.com/VwgpE5W.jpg,afnqt,,,,,,,,,,,,,,,,,,,,,,,,,,,,,,,,,,,
,禾富鷹牌卡本內蘇維翁紅酒,https://i.imgur.com/PzOEySV.jpg,aforu,ajoru,akoru,afoqu,ajoqu,akoqu,,,,,,,,,,,,,,,,,,,,,,,,,,,,,,
,禾富鷹牌梅洛紅酒,https://i.imgur.com/BHPsVCt.jpg,afnqu,aknqu,ahnqu,,,,,,,,,,,,,,,,,,,,,,,,,,,,,,,,,
,禾富鷹牌希哈紅酒,https://i.imgur.com/YzyXnmQ.jpg,afoqu,ajoqu,aeoqu,bfoqu,bjoqu,beoqu,,,,,,,,,,,,,,,,,,,,,,,,,,,,,,
,御貓多黑皮諾紅酒,https://i.imgur.com/vNakWov.jpg,bflqu,bfoqu,,,,,,,,,,,,,,,,,,,,,,,,,,,,,,,,,,
,御貓多卡貝納蘇維翁紅酒,https://i.imgur.com/b4dxMID.jpg,afnqt,ajnqt,aknqt,bfnqt,bjnqt,bknqt,,,,,,,,,,,,,,,,,,,,,,,,,,,,,,
,御貓哥多白蘇維翁白酒,https://i.imgur.com/hoJRGXy.jpg,cilqu,cjlqu,,,,,,,,,,,,,,,,,,,,,,,,,,,,,,,,,,
,聖派德羅9世御貓卡貝納蘇維翁紅酒,https://i.imgur.com/pqyjAo4.jpg,afnqu,ajnqu,,,,,,,,,,,,,,,,,,,,,,,,,,,,,,,,,,
,亞瑞斯堤A系列特選卡本內蘇維翁紅酒,https://i.imgur.com/lWLA8th.jpg,afnqu,ajnqu,,,,,,,,,,,,,,,,,,,,,,,,,,,,,,,,,,
,雄鹿卡本內蘇維翁紅酒,https://i.imgur.com/6kGcsfk.jpg,afpqt,akpqt,,,,,,,,,,,,,,,,,,,,,,,,,,,,,,,,,,
,雷恩戴斯羽毛特選卡本內蘇維翁紅酒,https://i.imgur.com/7ODtX42.jpg,afnqu,ajnqu,aknqu,,,,,,,,,,,,,,,,,,,,,,,,,,,,,,,,,
,鑑賞家珍藏級卡本內蘇維翁紅酒,https://i.imgur.com/QOOWN9L.jpg,afmqu,ajmqu,akmqu,,,,,,,,,,,,,,,,,,,,,,,,,,,,,,,,,
,鑑賞家拓克諾卡本內蘇維翁紅酒,https://i.imgur.com/GidDHRa.jpg,aflqt,,,,,,,,,,,,,,,,,,,,,,,,,,,,,,,,,,,
,鑑賞家拓克諾梅洛紅酒,https://i.imgur.com/NcevBr0.jpg,afnqt,ajnqt,,,,,,,,,,,,,,,,,,,,,,,,,,,,,,,,,,
,歐哲威晚摘白酒,https://i.imgur.com/8JdQ5tE.jpg,demqu,delqu,dhmqu,dhlqu,,,,,,,,,,,,,,,,,,,,,,,,,,,,,,,,
,歐哲威星雲白酒,https://i.imgur.com/2RMZel8.jpg,bhnqt,bgnqt,benqt,chnqt,cgnqt,cenqt,dhnqt,dgnqt,denqt,,,,,,,,,,,,,,,,,,,,,,,,,,,
,歐哲威星雲紅酒,https://i.imgur.com/DmnfMKX.jpg,afmqt,afnqt,aimqt,ainqt,ahmqt,ahnqt,,,,,,,,,,,,,,,,,,,,,,,,,,,,,,
,歐哲威1851陳釀卡本內紅酒,https://i.imgur.com/HTqR1mR.jpg,afpqu,afnqu,akpqu,aknqu,bfpqu,bfnqu,bkpqu,bknqu,,,,,,,,,,,,,,,,,,,,,,,,,,,,
,歐哲威新月卡本內梅洛紅酒,https://i.imgur.com/HP0EXnn.jpg,afpqu,afmqu,aepqu,aemqu,,,,,,,,,,,,,,,,,,,,,,,,,,,,,,,,
,花樣卡本內紅酒,https://i.imgur.com/L3NG3U0.jpg,afpqu,ajpqu,akpqu,bfpqu,bjpqu,bkpqu,,,,,,,,,,,,,,,,,,,,,,,,,,,,,,
,花樣卡本內梅洛紅酒,https://i.imgur.com/wPs1A42.jpg,afnqt,ajnqt,,,,,,,,,,,,,,,,,,,,,,,,,,,,,,,,,,
,駱馬卡本內蘇維翁紅酒,https://i.imgur.com/kLk7Mln.jpg,afoqt,afpqt,akoqt,akpqt,bfoqt,bfpqt,bkoqt,bpoqt,,,,,,,,,,,,,,,,,,,,,,,,,,,,
,駱馬梅洛紅酒,https://i.imgur.com/HEJ3r9e.jpg,afpqt,afnqt,ajpqt,ajnqt,bfpqt,bfnqt,bjpqt,bjnqt,,,,,,,,,,,,,,,,,,,,,,,,,,,,
,紅魔鬼梅洛紅酒,https://i.imgur.com/ZPuOtFD.jpg,bfpqu,bfnqu,bkpqu,bknqu,,,,,,,,,,,,,,,,,,,,,,,,,,,,,,,,
,聖艾瑪卡本內蘇維翁紅酒（精選風土）,https://i.imgur.com/uuR2gL4.jpg,afnru,aknru,,,,,,,,,,,,,,,,,,,,,,,,,,,,,,,,,,
,安第斯之箭亞古力精選紅酒,https://i.imgur.com/wcdK5eb.jpg,afnqv,ajnqv,,,,,,,,,,,,,,,,,,,,,,,,,,,,,,,,,,
,格蘭羅摩彭巴牛紅酒,https://i.imgur.com/GMG57DG.jpg,afnqu,bfnqu,,,,,,,,,,,,,,,,,,,,,,,,,,,,,,,,,,
,格蘭美食家紅酒,https://i.imgur.com/wmsTmAv.jpg,afnru,afmru,ajnru,ajmru,aenru,aemru,,,,,,,,,,,,,,,,,,,,,,,,,,,,,,
,格蘭路易紅酒,https://i.imgur.com/1yWdmmP.jpg,afnrt,ahnrt,ajnrt,bfnrt,bhnrt,bjnrt,,,,,,,,,,,,,,,,,,,,,,,,,,,,,,
,米雪兒卡本內珍藏紅酒,https://i.imgur.com/E16g2xU.jpg,afnqu,ajnqu,aknqu,,,,,,,,,,,,,,,,,,,,,,,,,,,,,,,,,
,翠帝璀璨紅酒,https://i.imgur.com/CnofT3h.jpg,aflqv,aelqv,bflqv,belqv,,,,,,,,,,,,,,,,,,,,,,,,,,,,,,,,
,翠帝鐵道1883,https://i.imgur.com/zWhzpJP.jpg,afnqv,aenqv,ajnqv,,,,,,,,,,,,,,,,,,,,,,,,,,,,,,,,,
,翠帝樂曲系列馬貝克紅酒,https://i.imgur.com/SXnDY20.jpg,aflqu,ajlqu,,,,,,,,,,,,,,,,,,,,,,,,,,,,,,,,,,
,安第斯馬爾貝克紅酒,https://i.imgur.com/trh8dM6.jpg,afnqu,ajnqu,bfnqu,bjnqu,cfnqu,cjnqu,,,,,,,,,,,,,,,,,,,,,,,,,,,,,,
,紅樹馬貝克紅酒,https://i.imgur.com/kLs3nre.jpg,afnqt,aflqt,,,,,,,,,,,,,,,,,,,,,,,,,,,,,,,,,,
,紅樹卡本內紅酒,https://i.imgur.com/itk1eaC.jpg,afnqt,,,,,,,,,,,,,,,,,,,,,,,,,,,,,,,,,,,
,銀影酒莊3號公社梅爾貝紅酒,https://i.imgur.com/o2XWfNP.jpg,afmqu,afnqu,bfmqu,bfnqu,,,,,,,,,,,,,,,,,,,,,,,,,,,,,,,,
,聖菲莉佩橡木馬爾貝紅酒,https://i.imgur.com/IL9Rsfv.jpg,afpqu,ajpqu,akpqu,bfpqu,bjpqu,bkpqu,cfpqu,cjpqu,ckpqu,,,,,,,,,,,,,,,,,,,,,,,,,,,
,嘉頌珍藏馬貝克紅酒,https://i.imgur.com/grvCf48.jpg,afpqv,ajpqv,,,,,,,,,,,,,,,,,,,,,,,,,,,,,,,,,,
,南十字星風神梅爾貝紅酒,https://i.imgur.com/iPcX3az.jpg,afoqv,afpqv,ajoqv,ajpqv,aeoqv,aepqv,bfoqv,bfpqv,bjoqv,bjpqv,beoqv,bepqv,cfoqv,cfpqv,cjoqv,cjpqv,ceoqv,cepqv,,,,,,,,,,,,,,,,,,
,露堤尼號角馬爾貝紅酒,https://i.imgur.com/rb6IMjt.jpg,afpqu,afoqu,ajpqu,ajoqu,,,,,,,,,,,,,,,,,,,,,,,,,,,,,,,,
,艾斯貝拉馬爾貝紅酒,https://i.imgur.com/hf0HRyr.jpg,afnqu,afmqu,,,,,,,,,,,,,,,,,,,,,,,,,,,,,,,,,,
,薩露斯馬爾貝紅酒,https://i.imgur.com/9sLefjQ.jpg,afnqv,ajmqv,,,,,,,,,,,,,,,,,,,,,,,,,,,,,,,,,,
,Don David精選希哈紅酒,https://i.imgur.com/EPvGqsT.jpg,ajpru,ajnru,aepru,aenru,akpru,aknru,ahpru,ahnru,bjpru,bjnru,bepru,benru,bkpru,bknru,bhpru,bhnru,,,,,,,,,,,,,,,,,,,,
,Don David精選塔那紅酒,https://i.imgur.com/6mXjRKL.jpg,afpru,ajpru,akpru,,,,,,,,,,,,,,,,,,,,,,,,,,,,,,,,,
,Don David精選夏多內白酒,https://i.imgur.com/lIe0Vzq.jpg,binru,bhnru,cinru,chnru,,,,,,,,,,,,,,,,,,,,,,,,,,,,,,,,
,Don David精選托隆特斯晚收白酒,https://i.imgur.com/A8nVd3p.jpg,aenru,ainru,agnru,benru,binru,bgnru,,,,,,,,,,,,,,,,,,,,,,,,,,,,,,
,雄鷹馬爾貝克紅酒,https://i.imgur.com/NZHyKgC.jpg,afnrt,,,,,,,,,,,,,,,,,,,,,,,,,,,,,,,,,,,
,安迪納卡本內蘇維翁紅酒,https://i.imgur.com/alDNDOz.jpg,afprt,ajprt,bfprt,bjprt,,,,,,,,,,,,,,,,,,,,,,,,,,,,,,,,
,尼德堡5600創始系列-希哈紅酒,https://i.imgur.com/vrwWJH9.jpg,afnrv,afnqt,afmrv,afmqt,afprv,afpqt,ajnrv,ajnqt,ajmrv,ajmqt,ajprv,ajpqt,aknrv,aknqt,akmrv,akmqt,akprv,akpqt,,,,,,,,,,,,,,,,,,
,尼德堡5600創始系列皮諾塔吉紅酒,https://i.imgur.com/8HB509C.jpg,afnrv,afnqt,ajnrv,afnqt,aknrv,aknqt,bfnrv,bfnqt,bjnrv,bjnqt,bknrv,bknqt,,,,,,,,,,,,,,,,,,,,,,,,
,尼德堡5600創始系列-卡本內蘇維翁紅酒,https://i.imgur.com/FNx3W8a.jpg,aforv,afoqt,akorv,akoqt,bforv,bfoqt,bkorv,bkoqt,,,,,,,,,,,,,,,,,,,,,,,,,,,,
,桌山席拉精選紅酒,https://i.imgur.com/EsVtNCJ.jpg,afprt,akprt,bfprt,bkprt,cfprt,ckprt,,,,,,,,,,,,,,,,,,,,,,,,,,,,,,
,桌山卡本內精選紅酒,https://i.imgur.com/ou5dy74.jpg,afort,afprt,akort,akprt,bfort,bfprt,bkort,bkprt,,,,,,,,,,,,,,,,,,,,,,,,,,,,
,奧爾朵紅酒（行家精選）,https://i.imgur.com/Mgk2nhB.jpg,aforu,ajoru,aeoru,akoru,bforu,bjoru,beoru,bkoru,,,,,,,,,,,,,,,,,,,,,,,,,,,,
,鴕鳥皮諾塔奇紅酒,https://i.imgur.com/vhlGcS6.jpg,afnqt,aenqt,aknqt,bfnqt,benqt,bknqt,,,,,,,,,,,,,,,,,,,,,,,,,,,,,,
,鴕鳥卡本內蘇維翁紅酒,https://i.imgur.com/Se6qp7a.jpg,afpqt,akpqt,,,,,,,,,,,,,,,,,,,,,,,,,,,,,,,,,,
,鴕鳥甜紅酒,https://i.imgur.com/fmmt4Hg.jpg,dfoqt,dfmqt,,,,,,,,,,,,,,,,,,,,,,,,,,,,,,,,,,
,庫馬拉希哈慕維得爾紅酒,https://i.imgur.com/7a2Elfo.jpg,afpqt,ajpqt,,,,,,,,,,,,,,,,,,,,,,,,,,,,,,,,,,
,斯塔克斯泰倫博斯希哈紅酒,https://i.imgur.com/X5HBIud.jpg,afpqu,aepqu,ajpqu,,,,,,,,,,,,,,,,,,,,,,,,,,,,,,,,,
,斯塔克斯泰倫博斯卡本內紅酒,https://i.imgur.com/hKpjzWz.jpg,afoqv,ajoqv,akoqv,,,,,,,,,,,,,,,,,,,,,,,,,,,,,,,,,
,Essay希哈紅酒,https://i.imgur.com/yDlycC6.jpg,afnqt,,,,,,,,,,,,,,,,,,,,,,,,,,,,,,,,,,,
,Essay蘇維濃白酒,https://i.imgur.com/A5IvhfU.jpg,cilqt,chlqt,cklqt,,,,,,,,,,,,,,,,,,,,,,,,,,,,,,,,,
,Essay卡本內蘇維翁紅酒,https://i.imgur.com/bcyULuV.jpg,afnqt,ajnqt,,,,,,,,,,,,,,,,,,,,,,,,,,,,,,,,,,
,Essay皮諾塔吉紅酒,https://i.imgur.com/GacthRV.jpg,afoqt,ajnqt,,,,,,,,,,,,,,,,,,,,,,,,,,,,,,,,,,
,多利士托羅紅酒,https://i.imgur.com/eEHwAQy.jpg,afmru,afmqu,afpru,afpqu,ajmru,ajmqu,ajpru,ajpqu,,,,,,,,,,,,,,,,,,,,,,,,,,,,
,勞德蒙納斯帖紅酒,https://i.imgur.com/6XBFVWn.jpg,ahpru,akpru,ajpru,,,,,,,,,,,,,,,,,,,,,,,,,,,,,,,,,
,貝林格創建者卡本內蘇維翁紅酒,https://i.imgur.com/ANQ6pwq.jpg,afnqv,afnsu,ajnqv,ajnsu,bfnqv,bfnsu,bjnqv,bjnsu,,,,,,,,,,,,,,,,,,,,,,,,,,,,
,貝林格創建者梅洛紅酒,https://i.imgur.com/ZGqsra3.jpg,bfpqv,bkpqv,,,,,,,,,,,,,,,,,,,,,,,,,,,,,,,,,,
,貝林格卡本內蘇維翁紅酒,https://i.imgur.com/fRmPVMU.jpg,afpru,afpqu,aforu,afoqu,ajpru,ajpqu,ajoru,ajoqu,akpru,akpqu,akoru,akoqu,bfpru,bfpqu,bforu,bfoqu,bjpru,bjpqu,bjoru,bjoqu,bkpru,bkpqu,bkoru,bkoqu,,,,,,,,,,,,
,貝林格梅洛紅酒,https://i.imgur.com/m8s6mng.jpg,bforu,bfpru,bkoru,bkpru,,,,,,,,,,,,,,,,,,,,,,,,,,,,,,,,
,無尾熊之森蘇梅紅酒,https://i.imgur.com/54cR2uF.jpg,afprt,ajprt,,,,,,,,,,,,,,,,,,,,,,,,,,,,,,,,,,
,無尾熊之森卡本內精選紅酒,https://i.imgur.com/fXzsbVY.jpg,afprt,afmrt,ajprt,afmrt,akprt,akmrt,bfprt,bfmrt,bjprt,bjmrt,bkprt,bkmrt,,,,,,,,,,,,,,,,,,,,,,,,
,無尾熊之森施赫精選紅酒,https://i.imgur.com/3QUjthF.jpg,afprt,afmrt,ajprt,ajmrt,akprt,akmrt,bfprt,bfmrt,bjprt,bjmrt,bkprt,bkmrt,cfprt,cfmrt,cjprt,cjmrt,ckprt,ckmrt,,,,,,,,,,,,,,,,,,
,羅森酒莊席哈卡本內紅酒,https://i.imgur.com/fkfhlds.jpg,afnru,ajnru,aknru,bfnru,bjnru,bknru,,,,,,,,,,,,,,,,,,,,,,,,,,,,,,
,黃尾袋鼠慕斯卡多白酒,https://i.imgur.com/52l99n4.jpg,cilrt,cilqt,chlrt,chlqt,bilrt,bilqt,bhlrt,bhlqt,dilrt,dilqt,dhlrt,dhlqt,,,,,,,,,,,,,,,,,,,,,,,,
,黃尾袋鼠慕斯卡多粉紅酒,https://i.imgur.com/e5p3C4G.jpg,cflrt,cflqt,cfnrt,cfnqt,cjlrt,cjlqt,cjnrt,cjnqt,bflrt,bflqt,bfnrt,bfnqt,bjlrt,bjlqt,bjnrt,bjnqt,dflrt,dflqt,dfnrt,dfnqt,djlrt,djlqt,djnrt,djnqt,,,,,,,,,,,,
,黃尾袋鼠特藏喜若紅酒,https://i.imgur.com/hNO9RrE.jpg,afpru,afpqv,aforu,afoqv,,,,,,,,,,,,,,,,,,,,,,,,,,,,,,,,
,黃尾袋鼠特藏卡本內蘇維翁紅酒,https://i.imgur.com/iLyHckW.jpg,afnru,afnqv,aknru,aknqv,bfnru,bfnqv,bknqv,bknru,,,,,,,,,,,,,,,,,,,,,,,,,,,,
,黃尾袋鼠特藏梅洛紅酒,https://i.imgur.com/22lmgAd.jpg,afmru,afmqv,afnru,afnqv,afjmru,ajmqv,ajnru,ajnqu,akmru,akmqv,aknru,aknqv,bfmru,bfmqv,bfnru,bfnqv,bjmru,bjmqv,bjnru,bjnqv,bkmru,bjmqv,bjnru,bjnqv,cfmru,cfmqv,cfnru,cfnqv,cjmru,cjmqv,cjnru,cjnqv,ckmru,ckmqv,cknru,cknqv
,黃尾袋鼠喜若卡本內紅酒,https://i.imgur.com/3ueYVrz.jpg,afoqu,ajoqu,bfoqu,bjoqu,,,,,,,,,,,,,,,,,,,,,,,,,,,,,,,,
,黃尾袋鼠卡本內蘇維翁紅酒,https://i.imgur.com/ANNRKyV.jpg,afnru,ajnru,bjoru,bforu,,,,,,,,,,,,,,,,,,,,,,,,,,,,,,,,
,黃尾袋鼠喜若紅酒,https://i.imgur.com/BXSmEnl.jpg,afpru,aforu,aepru,aeoru,bfpru,bforu,bepru,beoru,,,,,,,,,,,,,,,,,,,,,,,,,,,,
,黃尾袋鼠梅洛紅酒,https://i.imgur.com/ken7FFK.jpg,afnrt,aenrt,bfnrt,benrt,,,,,,,,,,,,,,,,,,,,,,,,,,,,,,,,
,黃尾袋鼠夏多內白酒,https://i.imgur.com/1KBVPN5.jpg,binqu,bjnqu,cinqu,cjnqu,,,,,,,,,,,,,,,,,,,,,,,,,,,,,,,,
,黃尾袋鼠粉紅氣泡酒,https://i.imgur.com/a8GnCoG.jpg,aflqu,ahlqu,aglqu,bflqu,bhlqu,bglqu,cflqu,chlqu,cglqu,,,,,,,,,,,,,,,,,,,,,,,,,,,
,黃尾袋鼠氣泡酒,https://i.imgur.com/A6LDaR1.jpg,bhlru,bhnru,chlru,chnru,dhlru,dhnru,,,,,,,,,,,,,,,,,,,,,,,,,,,,,,
,西南蒙巴季亞克伯河冬甜白酒,https://i.imgur.com/0wRm5MK.jpg,ajnqv,aenqv,aknqv,,,,,,,,,,,,,,,,,,,,,,,,,,,,,,,,,
,莎桐之花白酒,https://i.imgur.com/dB1E6w7.jpg,celqu,cflqu,,,,,,,,,,,,,,,,,,,,,,,,,,,,,,,,,,
,莎桐之花紅酒,https://i.imgur.com/i5YPQpv.jpg,afnqu,ahnqu,,,,,,,,,,,,,,,,,,,,,,,,,,,,,,,,,,
,聖多娜系列精選夏多內白酒,https://i.imgur.com/YS2UYBl.jpg,bhlru,bilru,bglru,chlru,cilru,cglru,,,,,,,,,,,,,,,,,,,,,,,,,,,,,,
,金貝克酒莊麗思玲白酒,https://i.imgur.com/46Z6UPM.jpg,ceoqv,celqv,cfoqv,cflqv,ckoqv,cklqv,,,,,,,,,,,,,,,,,,,,,,,,,,,,,,
,IGP地中海VMV歐尼耶白酒,https://i.imgur.com/Q53BbEB.jpg,dhpqu,depqu,,,,,,,,,,,,,,,,,,,,,,,,,,,,,,,,,,
,藍多克凱利嵐蘇維濃白酒,https://i.imgur.com/VWQk3BK.jpg,bioqt,bgoqt,bjoqt,cioqt,cgoqt,cjoqt,,,,,,,,,,,,,,,,,,,,,,,,,,,,,,
,藍多克凱利嵐卡本內蘇維翁紅酒,https://i.imgur.com/uWcceJ7.jpg,afnqt,aflqt,agnqt,aglqt,,,,,,,,,,,,,,,,,,,,,,,,,,,,,,,,
,藍多克凱利蘭仙梭粉紅酒,https://i.imgur.com/DW96HfB.jpg,cenqt,cinqt,denqt,dinqt,,,,,,,,,,,,,,,,,,,,,,,,,,,,,,,,
,藍多克高比耶樂芭莊園紅酒,https://i.imgur.com/PWNnbqA.jpg,afoqu,,,,,,,,,,,,,,,,,,,,,,,,,,,,,,,,,,,
,藍多克高比耶奧古斯丁紅酒,https://i.imgur.com/e7EPq2r.jpg,afoqt,,,,,,,,,,,,,,,,,,,,,,,,,,,,,,,,,,,
,藍多克聖西紐梅納德紅酒,https://i.imgur.com/LRRlK52.jpg,afmqu,,,,,,,,,,,,,,,,,,,,,,,,,,,,,,,,,,,
,奧古斯丁藍多克聖西紐紅酒,https://i.imgur.com/nK9n8dK.jpg,ajoqt,,,,,,,,,,,,,,,,,,,,,,,,,,,,,,,,,,,
,藍多克布沙爾堡卡本內蘇維濃紅酒,https://i.imgur.com/PwvonCI.jpg,afnqt,,,,,,,,,,,,,,,,,,,,,,,,,,,,,,,,,,,
,藍多克貓頭鷹珍藏紅酒,https://i.imgur.com/8rtwkDe.jpg,afnqt,,,,,,,,,,,,,,,,,,,,,,,,,,,,,,,,,,,
,藍多克貓頭鷹紅酒,https://i.imgur.com/EjL6UHO.jpg,afnqt,afpqt,bfnqt,bfpqt,,,,,,,,,,,,,,,,,,,,,,,,,,,,,,,,
,藍多克胡西雍丘小步紅酒,https://i.imgur.com/0l5FGab.jpg,afoqu,afpqu,,,,,,,,,,,,,,,,,,,,,,,,,,,,,,,,,,
,藍多克胡西雍奧古斯丁紅酒,https://i.imgur.com/dcfR9Sy.jpg,afoqt,,,,,,,,,,,,,,,,,,,,,,,,,,,,,,,,,,,
,西南貝傑哈克貝林珍藏白酒,https://i.imgur.com/QS0VtAg.jpg,bilqu,bjlqu,cilqu,cjlqu,,,,,,,,,,,,,,,,,,,,,,,,,,,,,,,,
,西南居宏頌露台甜白酒,https://i.imgur.com/zpLm1kd.jpg,ahpqu,ahmqu,ajpqu,ajmqu,aipqu,aimqu,agpqu,agmqu,chpqu,chmqu,cjpqu,cjmqu,cipqu,cimqu,cgpqu,cgmqu,dhpqu,,,,,,,,,,,,,,,,,,,
,西南加雅克若德騎士有機紅酒,https://i.imgur.com/4cCuf4N.jpg,aflqu,,,,,,,,,,,,,,,,,,,,,,,,,,,,,,,,,,,
,波爾多羅南白酒,https://i.imgur.com/QeLx7y4.jpg,cglqu,celqu,cjlqu,bglqu,belqu,bjlqu,,,,,,,,,,,,,,,,,,,,,,,,,,,,,,
,南法小豬夏多內白酒,https://i.imgur.com/hfdPmQu.jpg,bglru,bglqu,cglru,cglqu,,,,,,,,,,,,,,,,,,,,,,,,,,,,,,,,
,波爾多小酒窖白酒,https://i.imgur.com/yEqKNMQ.jpg,bgmqt,cgmqt,,,,,,,,,,,,,,,,,,,,,,,,,,,,,,,,,,
,波爾多小酒窖紅酒,https://i.imgur.com/C27NQiU.jpg,afnqt,aknqt,,,,,,,,,,,,,,,,,,,,,,,,,,,,,,,,,,
,石頭小屋慕斯卡白酒,https://i.imgur.com/07HsAA7.jpg,dfmqu,demqu,,,,,,,,,,,,,,,,,,,,,,,,,,,,,,,,,,
,石頭小屋卡本內蘇維翁紅酒,https://i.imgur.com/bJPSC6e.jpg,afnqu,ajnqu,bfnqu,bjnqu,,,,,,,,,,,,,,,,,,,,,,,,,,,,,,,,
,高貴青蛙酒莊水果繽紛白酒,https://i.imgur.com/hTKTaP9.jpg,bgpqu,bjpqu,bepqu,bipqu,cgpqu,cjpqu,cepqu,cipqu,dgpqu,djpqu,depqu,dipqu,,,,,,,,,,,,,,,,,,,,,,,,
,高貴青蛙酒莊水果繽紛紅酒,https://i.imgur.com/40LwEw5.jpg,afoqu,afnqu,dfoqu,dfnqu,,,,,,,,,,,,,,,,,,,,,,,,,,,,,,,,
,傑卡斯夏多內,https://i.imgur.com/wZRY3Od.jpg,bilqu,bklqu,cilqu,cklqu,,,,,,,,,,,,,,,,,,,,,,,,,,,,,,,,
,豪帝VR慕斯卡多甜白酒,https://i.imgur.com/SH9RayC.jpg,dimqt,demqt,dilqt,delqt,,,,,,,,,,,,,,,,,,,,,,,,,,,,,,,,
,豪帝VR卡本內蘇維翁紅酒,https://i.imgur.com/WDm9Mrg.jpg,afnqu,ajnqu,aknqu,,,,,,,,,,,,,,,,,,,,,,,,,,,,,,,,,
,BB夏多內白酒,https://i.imgur.com/bWPl1Th.jpg,bipqt,bjpqt,cipqt,cjpqt,,,,,,,,,,,,,,,,,,,,,,,,,,,,,,,,
,BB卡本內蘇維翁紅酒,https://i.imgur.com/s3Up0B9.jpg,ainqt,binqt,,,,,,,,,,,,,,,,,,,,,,,,,,,,,,,,,,
,羅伯蒙大維雙橡夏多內白酒,https://i.imgur.com/uM4avsX.jpg,bilqt,belqt,bjlqt,bklqt,cilqt,celqt,cjlqt,cklqt,,,,,,,,,,,,,,,,,,,,,,,,,,,,
,舞牛蘇維翁白酒,https://i.imgur.com/5EnFBrG.jpg,dilqv,dklqv,dhlqv,dglqv,,,,,,,,,,,,,,,,,,,,,,,,,,,,,,,,
,舞牛金芬黛紅酒,https://i.imgur.com/s8K2TGx.jpg,afpqu,ajpqu,bfpqu,bjpqu,,,,,,,,,,,,,,,,,,,,,,,,,,,,,,,,
,納帕法蘭西夏多內白酒,https://i.imgur.com/QAnZ7GW.jpg,bilqv,bjlqv,bklqv,belqv,cilqv,cjlqv,cklqv,celqv,,,,,,,,,,,,,,,,,,,,,,,,,,,,
,喜樂尼窖藏水芙蓉白酒,https://i.imgur.com/rBvmez7.jpg,cgoqv,cgnqv,choqv,chnqv,cfoqv,cfnqv,,,,,,,,,,,,,,,,,,,,,,,,,,,,,,
,蜥蜴麗絲玲白酒,https://i.imgur.com/VTeUuqk.jpg,bimqt,bilqt,bgmqt,bglqt,cimqt,cilqt,cgmqt,cglqt,,,,,,,,,,,,,,,,,,,,,,,,,,,,
,南極星白蘇維翁白酒,https://i.imgur.com/LvaXpMu.jpg,chpqv,choqv,cgpqv,cgoqv,cepqv,ceoqv,,,,,,,,,,,,,,,,,,,,,,,,,,,,,,
,今日派對白酒,https://i.imgur.com/S7m2iJK.jpg,celqt,cglqt,,,,,,,,,,,,,,,,,,,,,,,,,,,,,,,,,,
,今日麻吉紅酒,https://i.imgur.com/BzhHs0L.jpg,afnqu,aenqu,bfnqu,benqu,,,,,,,,,,,,,,,,,,,,,,,,,,,,,,,,
,珍愛紅酒,https://i.imgur.com/rfsKDxK.jpg,afmqu,agmqu,ajmqu,,,,,,,,,,,,,,,,,,,,,,,,,,,,,,,,,
,瑪莉亞白酒,https://i.imgur.com/ICMCH3m.jpg,cglqt,celqt,,,,,,,,,,,,,,,,,,,,,,,,,,,,,,,,,,
,天鵝瑪爾維薩白酒,https://i.imgur.com/CCnLdjU.jpg,ceoqt,cioqt,cgoqt,beoqt,bioqt,bgoqt,,,,,,,,,,,,,,,,,,,,,,,,,,,,,,
,克利斯多山中小屋白酒,https://i.imgur.com/soB4Vnd.jpg,cilqt,cioqt,,,,,,,,,,,,,,,,,,,,,,,,,,,,,,,,,,
,克利斯多山中小屋紅酒,https://i.imgur.com/9aRIDgw.jpg,bflqt,bfnqt,,,,,,,,,,,,,,,,,,,,,,,,,,,,,,,,,,
,葡藤堡自然動力維歐尼有機白酒,https://i.imgur.com/KDxIE9x.jpg,cipqv,chpqv,cgpqv,cepqv,,,,,,,,,,,,,,,,,,,,,,,,,,,,,,,,
,葡藤堡自然動力席拉有機紅酒,https://i.imgur.com/2bdCg3W.jpg,afnqv,aenqv,bfnqv,benqv,cfnqv,cenqv,,,,,,,,,,,,,,,,,,,,,,,,,,,,,,
,葡藤堡席拉有機紅酒,https://i.imgur.com/fro1ubT.jpg,afpqv,aepqv,,,,,,,,,,,,,,,,,,,,,,,,,,,,,,,,,,
,駱馬白蘇維翁白酒,https://i.imgur.com/fxzXoNS.jpg,cilqt,celqt,cglqt,,,,,,,,,,,,,,,,,,,,,,,,,,,,,,,,,
,智利之星珍藏夏多內白酒,https://i.imgur.com/Ff6hT82.jpg,bilqu,bhlqu,cilqu,chlqu,,,,,,,,,,,,,,,,,,,,,,,,,,,,,,,,
,雄鹿白蘇維翁白酒,https://i.imgur.com/DZllaXa.jpg,cglqt,chlqt,,,,,,,,,,,,,,,,,,,,,,,,,,,,,,,,,,
,艾米亞娜夏多內白酒,https://i.imgur.com/Ps09PU2.jpg,cgpqu,chpqu,,,,,,,,,,,,,,,,,,,,,,,,,,,,,,,,,,
,歐哲威1851夏多內白酒,https://i.imgur.com/LCIv5Ve.jpg,bhpqu,bhlqu,bjpqu,bjlqu,chpqu,chlqu,cjpqu,cjlqu,,,,,,,,,,,,,,,,,,,,,,,,,,,,
,艾斯貝拉托隆特斯白酒,https://i.imgur.com/sjeR9lO.jpg,cglqu,celqu,,,,,,,,,,,,,,,,,,,,,,,,,,,,,,,,,,
,安地斯夏多內白酒,https://i.imgur.com/CqB0pwY.jpg,chpqu,cgpqu,cjpqu,,,,,,,,,,,,,,,,,,,,,,,,,,,,,,,,,
,銀影酒莊公社灰皮諾白酒,https://i.imgur.com/dPJFN7s.jpg,celqu,chlqu,cilqu,,,,,,,,,,,,,,,,,,,,,,,,,,,,,,,,,
,鴕鳥蘇維濃白酒,https://i.imgur.com/LE6CkEc.jpg,cflqt,chlqt,,,,,,,,,,,,,,,,,,,,,,,,,,,,,,,,,,
,尼德堡5600創始系列白蘇維翁白酒,https://i.imgur.com/UoAFSff.jpg,cglrt,cglqt,chlrt,chlqt,celrt,celqt,,,,,,,,,,,,,,,,,,,,,,,,,,,,,,
,尼德堡5600創始系列白梢楠白酒,https://i.imgur.com/IbteXtr.jpg,bimrt,biomqt,biort,bioqt,cimrt,ciomqt,ciort,cioqt,dimrt,diomqt,diort,dioqt,,,,,,,,,,,,,,,,,,,,,,,,
,禾富黃牌夏多內白酒,https://i.imgur.com/rbfVxAE.jpg,cilqv,cklqv,,,,,,,,,,,,,,,,,,,,,,,,,,,,,,,,,,
,寶貝魚夏多內白酒,https://i.imgur.com/52QiiSP.jpg,bhlqu,bilqu,chlqu,cilqu,,,,,,,,,,,,,,,,,,,,,,,,,,,,,,,,
,巨雞雷克斯夏多內白酒,https://i.imgur.com/EX4wCIa.jpg,ajpqu,bjpqu,cjpqu,,,,,,,,,,,,,,,,,,,,,,,,,,,,,,,,,
,巨雞雷克斯卡本內蘇維翁紅酒,https://i.imgur.com/EK0TSAg.jpg,afpqu,afmqu,akpqu,akmqu,bfpqu,bfmqu,bkpqu,bkmqu,,,,,,,,,,,,,,,,,,,,,,,,,,,,
,巨雞雷克斯黑皮諾紅酒,https://i.imgur.com/NScyjdA.jpg,afnqu,aknqu,ajnqu,bfnqu,bknqu,bjnqu,cfnqu,cknqu,cjnqu,,,,,,,,,,,,,,,,,,,,,,,,,,,
,索諾瑪繁複夏多內白葡萄酒,https://i.imgur.com/uzJfNy0.jpg,chnqu,cinqu,cknqu,,,,,,,,,,,,,,,,,,,,,,,,,,,,,,,,,
,艾文斯E&T系列夏多內白酒,https://i.imgur.com/pmrKJSF.jpg,bilqu,,,,,,,,,,,,,,,,,,,,,,,,,,,,,,,,,,,
,花釀有機蜜絲佳白酒,https://i.imgur.com/F8avQdl.jpg,aipqv,aepqv,,,,,,,,,,,,,,,,,,,,,,,,,,,,,,,,,,
,巴塔希亞斯提微甜白酒,https://i.imgur.com/X0M5noV.jpg,dipqu,,,,,,,,,,,,,,,,,,,,,,,,,,,,,,,,,,,
,西西里島泰雷德白酒,https://i.imgur.com/DOXLqq4.jpg,benqt,cenqt,,,,,,,,,,,,,,,,,,,,,,,,,,,,,,,,,,
,西西里島泰雷德紅酒,https://i.imgur.com/XvDHM5Q.jpg,afmqt,aemqt,,,,,,,,,,,,,,,,,,,,,,,,,,,,,,,,,,
,IGT威尼斯托卡達奇白酒,https://i.imgur.com/XTUKCPo.jpg,cinqu,cgnqu,cenqu,,,,,,,,,,,,,,,,,,,,,,,,,,,,,,,,,
,威尼斯紅酒,https://i.imgur.com/pYj8g76.jpg,afmqu,afnqu,dfmqu,dfnqu,,,,,,,,,,,,,,,,,,,,,,,,,,,,,,,,
,威尼托卡達奇紅酒,https://i.imgur.com/8awz08o.jpg,afpqu,ajpqu,,,,,,,,,,,,,,,,,,,,,,,,,,,,,,,,,,
,蘿朵酒莊園蘇瓦維白酒,https://i.imgur.com/IffgBGx.jpg,ceoqv,cfoqv,,,,,,,,,,,,,,,,,,,,,,,,,,,,,,,,,,
,奔富庫儂格1976希哈卡本內紅酒,https://i.imgur.com/JeqvKdD.jpg,afoqv,afosu,afnqv,afnsu,ajoqv,ajosu,ajnqv,ajnsu,,,,,,,,,,,,,,,,,,,,,,,,,,,,
,奔富2號酒窖紅酒,https://i.imgur.com/PNU8aA0.jpg,ajpqv,afpqv,akpqv,ajpsv,afpsv,akpsv,bjpqv,bfpqv,bkpqv,bjpsv,bfpsv,bkpsv,,,,,,,,,,,,,,,,,,,,,,,,
,旺迪特級紅酒,https://i.imgur.com/HS5hKET.jpg,afprv,bfprv,,,,,,,,,,,,,,,,,,,,,,,,,,,,,,,,,,
,佛朗明哥紅酒,https://i.imgur.com/ylZLY6c.jpg,afmrt,bfmrt,,,,,,,,,,,,,,,,,,,,,,,,,,,,,,,,,,
,音樂家梅洛紅酒,https://i.imgur.com/XmH9NGa.jpg,afnrt,bfnrt,,,,,,,,,,,,,,,,,,,,,,,,,,,,,,,,,,
,AOC波爾多瑪若蘭紅酒,https://i.imgur.com/5PV99BC.jpg,afnru,aflru,aknru,aklru,bfnru,bflru,bknru,bklru,,,,,,,,,,,,,,,,,,,,,,,,,,,,
,寶悅世家大地系列紅酒,https://i.imgur.com/jVnkLYJ.jpg,afnru,aknru,bfnru,bknru,,,,,,,,,,,,,,,,,,,,,,,,,,,,,,,,
,幸福天使紅酒,https://i.imgur.com/Prv2FH0.jpg,afnrt,afmrt,bfnrt,bfmrt,cfnrt,cfmrt,,,,,,,,,,,,,,,,,,,,,,,,,,,,,,
,瑪柏堡紅酒,https://i.imgur.com/1ADLl0L.jpg,afnru,afmru,bfnru,bfmru,,,,,,,,,,,,,,,,,,,,,,,,,,,,,,,,
,堡士奇紅酒,https://i.imgur.com/CFIDLsu.jpg,afnrt,,,,,,,,,,,,,,,,,,,,,,,,,,,,,,,,,,,
,珍寶帆船精選紅酒,https://i.imgur.com/bOxqJQe.jpg,cfnrt,,,,,,,,,,,,,,,,,,,,,,,,,,,,,,,,,,,
,三得利朵麗卡紅酒,https://i.imgur.com/sGBdaT4.jpg,afort,,,,,,,,,,,,,,,,,,,,,,,,,,,,,,,,,,,
,朵蒂夫甜紅酒,https://i.imgur.com/hKdcy0U.jpg,afmrt,aflrt,bfmrt,bflrt,,,,,,,,,,,,,,,,,,,,,,,,,,,,,,,,
,希利歐紅酒,https://i.imgur.com/DumuO9S.jpg,afnru,afmru,ajnru,ajmru,,,,,,,,,,,,,,,,,,,,,,,,,,,,,,,,
,葛堡城堡經典茨威格紅酒,https://i.imgur.com/cV97PXH.jpg,afnqv,afoqv,ajnqv,ajoqv,,,,,,,,,,,,,,,,,,,,,,,,,,,,,,,,
,派特 ‧ 聖酒維瑟紅酒,https://i.imgur.com/EhKCuUy.jpg,afpqv,ajpqv,bfpqv,bjpqv,,,,,,,,,,,,,,,,,,,,,,,,,,,,,,,,
,艾西諾莫納斯特爾陳年紅酒,https://i.imgur.com/ILbtH3K.jpg,afnqv,ajnqv,,,,,,,,,,,,,,,,,,,,,,,,,,,,,,,,,,
,黑阿沃拉紅酒,https://i.imgur.com/zUmTUcB.jpg,afnqv,ajnqv,,,,,,,,,,,,,,,,,,,,,,,,,,,,,,,,,,
,桑托斯利馬莊園快樂鳥里斯本精選紅酒,https://i.imgur.com/QDVRWrx.jpg,afnqv,aknqv,,,,,,,,,,,,,,,,,,,,,,,,,,,,,,,,,,
,桑托斯利馬莊園金公雞里斯本精選紅酒,https://i.imgur.com/HFMUmzd.jpg,afnqu,ajnqu,,,,,,,,,,,,,,,,,,,,,,,,,,,,,,,,,,
,桑托斯利馬莊園科羅索窖藏紅酒,https://i.imgur.com/6q3FVHF.jpg,afpqv,aepqv,bfpqv,bepqv,,,,,,,,,,,,,,,,,,,,,,,,,,,,,,,,
,羅朵莊園珂維納,https://i.imgur.com/ZZoX3Us.jpg,afnqv,,,,,,,,,,,,,,,,,,,,,,,,,,,,,,,,,,,
,屋曼尼隆姬優里歐紅酒,https://i.imgur.com/zY7Tm7x.jpg,afpqv,ajpqv,bfpqv,bjpqv,,,,,,,,,,,,,,,,,,,,,,,,,,,,,,,,
,聖十字極致烈陽紅酒,https://i.imgur.com/BJapH6Q.jpg,afnqv,afmqv,aenqv,aemqv,ajnqv,ajmqv,bfnqv,bfmqv,benqv,bemqv,bjnqv,bjmqv,,,,,,,,,,,,,,,,,,,,,,,,
,聖十字極致南義紅酒,https://i.imgur.com/n58Km55.jpg,afpqu,ajpqu,,,,,,,,,,,,,,,,,,,,,,,,,,,,,,,,,,
,小瓢蟲手心美洛紅酒,https://i.imgur.com/BQYRYAO.jpg,afnqu,bfnqu,,,,,,,,,,,,,,,,,,,,,,,,,,,,,,,,,,
,小瓢蟲風車田帕尼優紅酒,https://i.imgur.com/rObx1Rg.jpg,cfnqu,cjnqu,cknqu,,,,,,,,,,,,,,,,,,,,,,,,,,,,,,,,,
,帕斯可梅洛紅酒,https://i.imgur.com/dVWvekK.jpg,bfpqu,bfnqu,bkpqu,bknqu,,,,,,,,,,,,,,,,,,,,,,,,,,,,,,,,
,波朵莊園慕洛斯維娜紅酒,https://i.imgur.com/ZCCI8Bq.jpg,afnqv,bfnqv,,,,,,,,,,,,,,,,,,,,,,,,,,,,,,,,,,
,托斯卡尼馬雷瑪山豬山吉歐維紅酒,https://i.imgur.com/eoLg1Zv.jpg,afoqu,akoqu,bfoqu,bkoqu,,,,,,,,,,,,,,,,,,,,,,,,,,,,,,,,
,托斯卡尼馬雷瑪山豬希哈紅酒,https://i.imgur.com/XIFwlQP.jpg,aepqu,,,,,,,,,,,,,,,,,,,,,,,,,,,,,,,,,,,
,托斯卡尼馬雷瑪山豬梅洛紅酒,https://i.imgur.com/at1YKr4.jpg,afnqu,ajnqu,,,,,,,,,,,,,,,,,,,,,,,,,,,,,,,,,,
,史考特卡本內紅酒,https://i.imgur.com/3bCjFoT.jpg,afpqv,ajpqv,,,,,,,,,,,,,,,,,,,,,,,,,,,,,,,,,,
,史考特金芬黛紅酒,https://i.imgur.com/vIHNKL3.jpg,afpqu,ajpqu,,,,,,,,,,,,,,,,,,,,,,,,,,,,,,,,,,
,三人絲綢紅酒,https://i.imgur.com/wkALSIY.jpg,afpqu,afnqu,aepqu,aenqu,,,,,,,,,,,,,,,,,,,,,,,,,,,,,,,,
,三人午夜紅酒,https://i.imgur.com/sfu5kxU.jpg,afpqu,bfpqu,,,,,,,,,,,,,,,,,,,,,,,,,,,,,,,,,,
, 吉安地經典Lamole珍藏紅酒,https://i.imgur.com/a6AAqe5.jpg,afnqv,aflqv,ajnqv,ajlqv,aenqv,aelqv,aknqv,aklqv,bfnqv,bflqv,bjnqv,bjlqv,benqv,belqv,bknqv,bklqv,,,,,,,,,,,,,,,,,,,,
, 吉安地經典藍標DOCG紅酒,https://i.imgur.com/NxjVccO.jpg,afpqv,afnqv,ajpqv,ajnqv,bfpqv,bfnqv,bjpqv,bjnqv,,,,,,,,,,,,,,,,,,,,,,,,,,,,
,克洛爵士特藏紅酒,https://i.imgur.com/FLPeLRU.jpg,akoqv,bkoqv,,,,,,,,,,,,,,,,,,,,,,,,,,,,,,,,,,
,拉菲亞窖藏紅酒,https://i.imgur.com/vgpTQ3B.jpg,afnqu,aenqu,ajnqu,,,,,,,,,,,,,,,,,,,,,,,,,,,,,,,,,
,瑪西雅特級紅酒,https://i.imgur.com/5j4jsB2.jpg,afpqu,bfpqu,cfpqu,,,,,,,,,,,,,,,,,,,,,,,,,,,,,,,,,
,瑪西雅陳釀紅酒,https://i.imgur.com/e7tp2JB.jpg,afpqv,bfpqv,cfpqv,,,,,,,,,,,,,,,,,,,,,,,,,,,,,,,,,
,普洛托斯紅酒 ,https://i.imgur.com/GafGYBC.jpg,afnqv,ajnqv,bfnqv,bjnqv,cfnqv,cjnqv,,,,,,,,,,,,,,,,,,,,,,,,,,,,,,
,多明塔斯豐收慶典紅酒,https://i.imgur.com/pWKB3FK.jpg,cfpqv,cjpqv,,,,,,,,,,,,,,,,,,,,,,,,,,,,,,,,,,
,艾弗亞老藤紅酒,https://i.imgur.com/yo6qrJy.jpg,afnqv,aenqv,ajnqv,bfnqv,benqv,bjnqv,cfnqv,cenqv,cjnqv,,,,,,,,,,,,,,,,,,,,,,,,,,,
,烏爾貝索海之舞紅酒,https://i.imgur.com/I6lKLvQ.jpg,afnqu,ajnqu,bfnqu,bjnqu,cfnqu,cjnqu,,,,,,,,,,,,,,,,,,,,,,,,,,,,,,
,杏花特級紅酒,https://i.imgur.com/LiZPaY1.jpg,afoqv,akoqv,bfoqv,bkoqv,,,,,,,,,,,,,,,,,,,,,,,,,,,,,,,,
,幫飛寇莎紅酒,https://i.imgur.com/HY1j2OE.jpg,afmqv,afnqv,,,,,,,,,,,,,,,,,,,,,,,,,,,,,,,,,,
,李維拉DO紅酒,https://i.imgur.com/DBXGPbU.jpg,aflqu,bflqu,,,,,,,,,,,,,,,,,,,,,,,,,,,,,,,,,,
,馬林幸福山格那希紅酒,https://i.imgur.com/uzpvwmY.jpg,afnqu,aenqu,bfnqu,benqu,,,,,,,,,,,,,,,,,,,,,,,,,,,,,,,,
,雷格納公牛紅酒,https://i.imgur.com/tzY0pLI.jpg,afnqu,bfnqu,,,,,,,,,,,,,,,,,,,,,,,,,,,,,,,,,,
,白角牛精選紅酒,https://i.imgur.com/TCtiXBk.jpg,afnqu,,,,,,,,,,,,,,,,,,,,,,,,,,,,,,,,,,,
,里奧哈曼沃陳釀有機紅酒,https://i.imgur.com/wUXQvy9.jpg,ajnqv,ajpqv,bjnqv,bjpqv,,,,,,,,,,,,,,,,,,,,,,,,,,,,,,,,
,納雅園有機紅酒,https://i.imgur.com/61rkiC1.jpg,afoqv,afnqv,afpqv,ajoqv,ajnqv,ajpqv,cfoqv,cfnqv,cfpqv,cjoqv,cjnqv,cjpqv,,,,,,,,,,,,,,,,,,,,,,,,
,萊柏瑞有機紅酒,https://i.imgur.com/NS1Z1Ca.jpg,afnqu,aenqu,bfnqu,benqu,,,,,,,,,,,,,,,,,,,,,,,,,,,,,,,,
,波薩達格那希紅酒,https://i.imgur.com/uIgC1VT.jpg,bfnqt,,,,,,,,,,,,,,,,,,,,,,,,,,,,,,,,,,,
,瑪麗亞甜紅酒,https://i.imgur.com/DNL0d4Y.jpg,bfmqv,dfmqv,,,,,,,,,,,,,,,,,,,,,,,,,,,,,,,,,,
,玫瑰瑪麗亞卡本內紅酒,https://i.imgur.com/Hnev43G.jpg,afoqt,bfoqt,,,,,,,,,,,,,,,,,,,,,,,,,,,,,,,,,,
,玫瑰瑪麗亞希哈紅酒,https://i.imgur.com/GY62DZw.jpg,afoqt,afpqt,ajoqt,ajpqt,,,,,,,,,,,,,,,,,,,,,,,,,,,,,,,,
,玫瑰瑪麗亞田帕尼歐紅酒,https://i.imgur.com/3NhZAFD.jpg,afmqt,bfmqt,,,,,,,,,,,,,,,,,,,,,,,,,,,,,,,,,,
,玫瑰瑪麗亞梅洛紅酒,https://i.imgur.com/yB6UA5k.jpg,ajoqt,,,,,,,,,,,,,,,,,,,,,,,,,,,,,,,,,,,
,長頸鹿有機紅酒,https://i.imgur.com/3kZHrl6.jpg,aflqu,aelqu,bflqu,belqu,,,,,,,,,,,,,,,,,,,,,,,,,,,,,,,,
,炫花有機紅酒,https://i.imgur.com/x4ndCyc.jpg,afnqu,bfnqu,,,,,,,,,,,,,,,,,,,,,,,,,,,,,,,,,,
,田園有機紅酒,https://i.imgur.com/cnruyJH.jpg,afnqu,aflqu,aknqu,aklqu,,,,,,,,,,,,,,,,,,,,,,,,,,,,,,,,
,南法小豬希哈紅酒,https://i.imgur.com/iPbvPdd.jpg,afnru,afnqu,afpru,afpqu,aenru,aenqu,aepru,aepqu,ajnru,ajnqu,ajpru,ajpqu,bfnru,bfnqu,bfpru,bfpqu,benru,benqu,bepru,bepqu,bjnru,bjnqu,bjpru,bjpqu,,,,,,,,,,,,
,南法小豬黑皮諾紅酒,https://i.imgur.com/jg6aNNa.jpg,afnru,afnqu,ajnru,ajnqu,bfnru,bfnqu,bjnru,bjnqu,,,,,,,,,,,,,,,,,,,,,,,,,,,,
,南法小豬卡本內蘇維翁紅酒,https://i.imgur.com/XQpwEDe.jpg,afpru,afpqu,akpru,akpqu,bfpru,bfpqu,bkpru,bkpqu,,,,,,,,,,,,,,,,,,,,,,,,,,,,
,聖馬爾丁紅酒,https://i.imgur.com/oDdx90K.jpg,ahnrt,ahnqt,ajnrt,ajnqt,bhnrt,bhnqt,bjnrt,bjnqt,,,,,,,,,,,,,,,,,,,,,,,,,,,,
,聖馬爾丁特藏卡本內蘇維翁紅酒,https://i.imgur.com/QsHzkx3.jpg,afnqu,aflqu,ajnqu,ajlqu,aknqu,aklqu,,,,,,,,,,,,,,,,,,,,,,,,,,,,,,
,沛果釀酒師精選隆河丘紅酒,https://i.imgur.com/TmyWJK0.jpg,afmrt,afmqu,afnrt,afnqu,ajmrt,ajmqu,ajnrt,ajnqu,bfmrt,bfmqu,bfnrt,bfnqu,bjmrt,bjmqu,bjnrt,bjnqu,,,,,,,,,,,,,,,,,,,,
,湧泉精選卡本內蘇維濃紅酒,https://i.imgur.com/U3HwH3p.jpg,afnqv,ajnqv,bfnqv,bjnqv,,,,,,,,,,,,,,,,,,,,,,,,,,,,,,,,
,大嘴鳥特級精選卡本內蘇維濃紅酒,https://i.imgur.com/FqpqiMx.jpg,afnqu,ajnqu,aknqu,,,,,,,,,,,,,,,,,,,,,,,,,,,,,,,,,
,印象派酒莊阿瑪格瑪特級陳年紅酒,https://i.imgur.com/QJkgl1Z.jpg,afpqu,,,,,,,,,,,,,,,,,,,,,,,,,,,,,,,,,,,
,國寶頂級典藏蘇維翁紅酒,https://i.imgur.com/5j7xihv.jpg,afoqu,afpqu,,,,,,,,,,,,,,,,,,,,,,,,,,,,,,,,,,
,波塔精選卡本內蘇維濃紅酒,https://i.imgur.com/00OkjkD.jpg,ajnqu,,,,,,,,,,,,,,,,,,,,,,,,,,,,,,,,,,,
,龍之國卡本內紅酒,https://i.imgur.com/DD1hRTa.jpg,afmqu,aimqu,bfmqu,bimqu,,,,,,,,,,,,,,,,,,,,,,,,,,,,,,,,
,龍之國梅洛紅酒,https://i.imgur.com/EHgHAEx.jpg,aflqu,aklqu,,,,,,,,,,,,,,,,,,,,,,,,,,,,,,,,,,
,聖露斯中央谷施赫紅酒,https://i.imgur.com/prNKtKx.jpg,afnqt,,,,,,,,,,,,,,,,,,,,,,,,,,,,,,,,,,,
,傑卡斯雙桶系列席哈紅酒,https://i.imgur.com/oFPA27s.jpg,ajnqu,aknqu,,,,,,,,,,,,,,,,,,,,,,,,,,,,,,,,,,
,布隆嘉谷莊園希哈珍藏紅酒,https://i.imgur.com/lHX9wcn.jpg,afnqt,afmqt,aknqt,akmqt,,,,,,,,,,,,,,,,,,,,,,,,,,,,,,,,
,吉安地紅酒,https://i.imgur.com/oGPegkp.jpg,afnqu,ajnqu,,,,,,,,,,,,,,,,,,,,,,,,,,,,,,,,,,
,喜樂尼窖藏黑皮諾紅酒,https://i.imgur.com/4XPwtGs.jpg,afnqv,,,,,,,,,,,,,,,,,,,,,,,,,,,,,,,,,,,
,安大列斯卡本內蘇維翁紅酒,https://i.imgur.com/IZko865.jpg,afnrt,afprt,ajnrt,ajprt,aknrt,akprt,,,,,,,,,,,,,,,,,,,,,,,,,,,,,,
,寶貝魚卡本內梅洛紅酒,https://i.imgur.com/6hxSEaE.jpg,afpqu,afoqu,,,,,,,,,,,,,,,,,,,,,,,,,,,,,,,,,,
,寶貝魚希哈紅酒,https://i.imgur.com/kEdkNh3.jpg,afnqu,ajnqu,bfnqu,bjnqu,,,,,,,,,,,,,,,,,,,,,,,,,,,,,,,,
,小胖卡希哈紅酒,https://i.imgur.com/6qcPqGQ.jpg,aflqu,ajlqu,dflqu,djlqu,,,,,,,,,,,,,,,,,,,,,,,,,,,,,,,,
,彼得利蒙喜若卡貝納紅酒,https://i.imgur.com/4Uv9yl3.jpg,ajoqv,,,,,,,,,,,,,,,,,,,,,,,,,,,,,,,,,,,
,布隆嘉谷莊園希哈紅酒,https://i.imgur.com/G5jIpKa.jpg,afnqt,aknqt,bfnqt,bknqt,,,,,,,,,,,,,,,,,,,,,,,,,,,,,,,,
,DB 圖片偷酒賊施赫紅酒,https://i.imgur.com/NlGu65H.jpg,afnqu,,,,,,,,,,,,,,,,,,,,,,,,,,,,,,,,,,,
,巴富梅洛紅酒,https://i.imgur.com/HyuQifR.jpg,afnqt,aknqt,ajnqt,bfnqt,bknqt,bjnqt,dfnqt,dknqt,djnqt,,,,,,,,,,,,,,,,,,,,,,,,,,,
,麥格根單一卡本內紅酒,https://i.imgur.com/Lv8zo5t.jpg,afnqu,afpqu,ajnqu,ajpqu,aknqu,akpqu,bfnqu,bfpqu,bjnqu,bjpqu,bknqu,bkpqu,,,,,,,,,,,,,,,,,,,,,,,,
,麥格根單一希哈紅酒,https://i.imgur.com/ePW6gnk.jpg,afnqu,ajnqu,bfnqu,bjnqu,,,,,,,,,,,,,,,,,,,,,,,,,,,,,,,,
,巴羅莎谷麥格根GSM紅酒,https://i.imgur.com/rzNMJ9W.jpg,aknqv,akoqv,,,,,,,,,,,,,,,,,,,,,,,,,,,,,,,,,,
,G7梅洛紅酒,https://i.imgur.com/XwS9yEm.jpg,afpqt,afnqv,ajpqt,ajnqv,akpqt,aknqv,,,,,,,,,,,,,,,,,,,,,,,,,,,,,,
,禾富黃牌希哈紅酒,https://i.imgur.com/3W6YUqO.jpg,afpqv,akpqv,,,,,,,,,,,,,,,,,,,,,,,,,,,,,,,,,,
,禾富黃牌梅洛紅酒,https://i.imgur.com/RDF6zUg.jpg,afoqv,akoqv,,,,,,,,,,,,,,,,,,,,,,,,,,,,,,,,,,
,禾富黃牌卡本內蘇維翁紅酒,https://i.imgur.com/H5jrTZp.jpg,afpqv,ajpqv,,,,,,,,,,,,,,,,,,,,,,,,,,,,,,,,,,
,聖塔卡洛琳紅酒,https://i.imgur.com/FRMmhbv.jpg,afmrt,afnrt,ajmrt,ajnrt,,,,,,,,,,,,,,,,,,,,,,,,,,,,,,,,
,聖塔卡洛琳卡本內蘇維翁紅酒,https://i.imgur.com/CK90Wsw.jpg,afnru,ajnru,,,,,,,,,,,,,,,,,,,,,,,,,,,,,,,,,,
,嘉樂時紅酒,https://i.imgur.com/HP0UiqF.jpg,afnrt,ajnrt,aknrt,bfnrt,bjnrt,bknrt,,,,,,,,,,,,,,,,,,,,,,,,,,,,,,
,聖迪娜公平交易系列精選卡本內蘇維翁紅酒,https://i.imgur.com/k9NZarb.jpg,ajnru,bjnru,,,,,,,,,,,,,,,,,,,,,,,,,,,,,,,,,,
,博諾城堡卡本內蘇維翁紅酒,https://i.imgur.com/nmZJ09c.jpg,afnru,aenru,ajnru,bfnru,benru,bjnru,,,,,,,,,,,,,,,,,,,,,,,,,,,,,,
,A級梅洛紅酒,https://i.imgur.com/HuN5ksy.jpg,afprt,akprt,ajprt,bfprt,bkprt,bjprt,,,,,,,,,,,,,,,,,,,,,,,,,,,,,,
,禾法頌聖愛美濃調特納紅酒,https://i.imgur.com/9EBghvk.jpg,afnqv,aenqv,bfnqv,benqv,,,,,,,,,,,,,,,,,,,,,,,,,,,,,,,,
,禾法頌蒙塔那聖愛美濃,https://i.imgur.com/FpPglmQ.jpg,akpqu,bkpqu,,,,,,,,,,,,,,,,,,,,,,,,,,,,,,,,,,
,禾法頌聖愛美濃塔柏堡紅酒,https://i.imgur.com/srwqAom.jpg,afoqu,bfoqu,,,,,,,,,,,,,,,,,,,,,,,,,,,,,,,,,,
,禾法頌格宏斯莊紅酒,https://i.imgur.com/iQpdTJp.jpg,ajoqu,aeoqu,,,,,,,,,,,,,,,,,,,,,,,,,,,,,,,,,,
,禾法頌胡希雍希克酒莊紅酒,https://i.imgur.com/ELtcXB6.jpg,afoqu,akoqu,,,,,,,,,,,,,,,,,,,,,,,,,,,,,,,,,,
,布爾丘奧古斯丁紅酒,https://i.imgur.com/b7PHev3.jpg,afnqt,ajnqt,agnqt,bfnqt,bjnqt,bgnqt,,,,,,,,,,,,,,,,,,,,,,,,,,,,,,
,禾法頌羅亞爾皮特莊園紅酒,https://i.imgur.com/7nYp7mB.jpg,cfnqu,cenqu,cknqu,,,,,,,,,,,,,,,,,,,,,,,,,,,,,,,,,
,禾法頌羅亞爾呂斯肯諾紅酒,https://i.imgur.com/jftqngi.jpg,ajoqt,bjoqt,,,,,,,,,,,,,,,,,,,,,,,,,,,,,,,,,,
,羅亞爾Chinon奧古斯丁紅酒,https://i.imgur.com/UQdRlWk.jpg,afoqu,,,,,,,,,,,,,,,,,,,,,,,,,,,,,,,,,,,
,禾法頌羅亞爾氣泡酒,https://i.imgur.com/Y3rZaG9.jpg,bgnqu,benqu,cgnqu,cenqu,,,,,,,,,,,,,,,,,,,,,,,,,,,,,,,,
,羅亞爾拉侯學堡白酒,https://i.imgur.com/mpKXBwg.jpg,ceoqt,,,,,,,,,,,,,,,,,,,,,,,,,,,,,,,,,,,
,禾法頌密內瓦利維聶莊紅酒,https://i.imgur.com/jsCm1Lp.jpg,afpqu,afoqu,ajpqu,ajoqu,akpqu,akoqu,bfpqu,bfoqu,bjpqu,bjoqu,bkpqu,bkoqu,,,,,,,,,,,,,,,,,,,,,,,,
,禾法頌薄酒萊拉皮耶莊紅酒,https://i.imgur.com/7ECd9wq.jpg,aknqu,bknqu,,,,,,,,,,,,,,,,,,,,,,,,,,,,,,,,,,
,禾法頌南法墨利格納德VV甜紅酒,https://i.imgur.com/BgxJrub.jpg,afmqt,bfmqt,,,,,,,,,,,,,,,,,,,,,,,,,,,,,,,,,,
,禾法頌必莎堡白酒,https://i.imgur.com/dRdblUt.jpg,bimqt,bemqt,cimqt,cemqt,dimqt,demqt,,,,,,,,,,,,,,,,,,,,,,,,,,,,,,
,禾法頌藍多克奧利留斯酒莊紅酒,https://i.imgur.com/bFl7eVq.jpg,afnqu,ajnqu,,,,,,,,,,,,,,,,,,,,,,,,,,,,,,,,,,
,禾法頌阿爾薩斯麗絲玲白酒,https://i.imgur.com/9yHvX6q.jpg,aflqt,cflqt,,,,,,,,,,,,,,,,,,,,,,,,,,,,,,,,,,
,禾法頌米荷瓦蜜絲嘉甜白酒,https://i.imgur.com/4rs8HkB.jpg,dfmqt,,,,,,,,,,,,,,,,,,,,,,,,,,,,,,,,,,,
,禾法頌呂內樂蜜絲嘉甜白酒,https://i.imgur.com/6mz7BCS.jpg,denqt,,,,,,,,,,,,,,,,,,,,,,,,,,,,,,,,,,,
,禾法頌羅亞納爾都漢部以斯莊園白酒,https://i.imgur.com/F1BdLwW.jpg,ceoqt,ckoqt,,,,,,,,,,,,,,,,,,,,,,,,,,,,,,,,,,
,禾法頌法悅酒莊甜白酒,https://i.imgur.com/avRMqoE.jpg,aemqu,aimqu,,,,,,,,,,,,,,,,,,,,,,,,,,,,,,,,,,
,禾法頌陶丘莫諾爾白酒,https://i.imgur.com/06Jyn6m.jpg,afoqt,cfoqt,,,,,,,,,,,,,,,,,,,,,,,,,,,,,,,,,,
,禾法頌陶丘莫諾爾粉紅酒,https://i.imgur.com/27GIBIs.jpg,bfmqt,,,,,,,,,,,,,,,,,,,,,,,,,,,,,,,,,,,
,禾法頌安如卡本內帝娜堡粉紅酒,https://i.imgur.com/s0iv5fH.jpg,afoqt,bfoqt,,,,,,,,,,,,,,,,,,,,,,,,,,,,,,,,,,
,禾法頌上夜丘喬安納莊園紅酒,https://i.imgur.com/VX7wVaK.jpg,afpqv,bfpqv,,,,,,,,,,,,,,,,,,,,,,,,,,,,,,,,,,
,禾法頌隆河丘給漢村莊TT紅酒,https://i.imgur.com/phMxRbK.jpg,ajnqt,,,,,,,,,,,,,,,,,,,,,,,,,,,,,,,,,,,
,禾法頌下步利吉哈多派斯白酒,https://i.imgur.com/vXlIWzG.jpg,beoqu,ceoqu,,,,,,,,,,,,,,,,,,,,,,,,,,,,,,,,,,
,禾法頌勃根地聖韋郎白酒,https://i.imgur.com/4LC7bQs.jpg,bhmqu,,,,,,,,,,,,,,,,,,,,,,,,,,,,,,,,,,,
,禾法頌亨利布喬亞酒莊紅酒,https://i.imgur.com/MnedWJ2.jpg,ajmqu,bjmqu,,,,,,,,,,,,,,,,,,,,,,,,,,,,,,,,,,
,禾法頌隆河克羅茲艾米達吉瑪,https://i.imgur.com/ouNt9jv.jpg,aknqu,bknqu,,,,,,,,,,,,,,,,,,,,,,,,,,,,,,,,,,
,禾法頌波爾多格拉夫紅酒,https://i.imgur.com/CoslL3n.jpg,aknqu,bknqu,,,,,,,,,,,,,,,,,,,,,,,,,,,,,,,,,,
,格拉夫玫瑰薩隆堡紅酒,https://i.imgur.com/fMkXYOk.jpg,afnqu,ajnqu,bfnqu,bjnqu,,,,,,,,,,,,,,,,,,,,,,,,,,,,,,,,
,格拉夫阿爾尚波堡紅酒,https://i.imgur.com/gKyYce9.jpg,aeoqu,beoqu,,,,,,,,,,,,,,,,,,,,,,,,,,,,,,,,,,
,格拉夫波爾特堡紅酒,https://i.imgur.com/KCuLGA4.jpg,afnqu,aknqu,bfnqu,bknqu,,,,,,,,,,,,,,,,,,,,,,,,,,,,,,,,
,阿爾薩斯奧古斯丁黑皮諾紅酒,https://i.imgur.com/mhNmlHy.jpg,afoqt,ajoqt,akoqt,bfoqt,bjoqt,bkoqt,,,,,,,,,,,,,,,,,,,,,,,,,,,,,,
,勃根地奧古斯丁黑皮諾紅酒,https://i.imgur.com/kvzZBKY.jpg,afoqt,aeoqt,bfoqt,beoqt,,,,,,,,,,,,,,,,,,,,,,,,,,,,,,,,
,奧古斯丁紅酒,https://i.imgur.com/pV4PKTU.jpg,aflqt,bflqt,,,,,,,,,,,,,,,,,,,,,,,,,,,,,,,,,,
,Graves奧古斯丁紅酒,https://i.imgur.com/Awyr4xJ.jpg,afmqu,ajmqu,bfmqu,bjmqu,,,,,,,,,,,,,,,,,,,,,,,,,,,,,,,,
,Gigondas奧古斯丁紅酒,https://i.imgur.com/qIsj4iG.jpg,afoqu,bfoqu,,,,,,,,,,,,,,,,,,,,,,,,,,,,,,,,,,
,普羅旺斯丘奧古斯丁粉紅酒,https://i.imgur.com/1EaCkPm.jpg,aflqt,bflqt,,,,,,,,,,,,,,,,,,,,,,,,,,,,,,,,,,
,索甸奧古斯丁甜白酒,https://i.imgur.com/jGH1HaJ.jpg,aemqu,,,,,,,,,,,,,,,,,,,,,,,,,,,,,,,,,,,
,奧古斯丁格烏茲塔明娜白酒,https://i.imgur.com/bHyw978.jpg,bemqt,cemqt,,,,,,,,,,,,,,,,,,,,,,,,,,,,,,,,,,
,奧古斯丁麗絲玲白酒,https://i.imgur.com/oMzKg9x.jpg,bemqt,bgmqt,cemqt,cgmqt,,,,,,,,,,,,,,,,,,,,,,,,,,,,,,,,
,奧古斯丁夏布利白酒,https://i.imgur.com/dIP1pGh.jpg,bglqu,bklqu,cglqu,cklqu,,,,,,,,,,,,,,,,,,,,,,,,,,,,,,,,
,奧古斯丁灰皮諾白酒,https://i.imgur.com/bn8vqYw.jpg,bgmqt,,,,,,,,,,,,,,,,,,,,,,,,,,,,,,,,,,,
,奧古斯丁希瓦那白酒,https://i.imgur.com/5g15w23.jpg,choqt,,,,,,,,,,,,,,,,,,,,,,,,,,,,,,,,,,,
,奧古斯丁薩瓦艾柏蒙白酒,https://i.imgur.com/JupXCco.jpg,bkoqt,beoqt,ckoqt,ceoqt,,,,,,,,,,,,,,,,,,,,,,,,,,,,,,,,
,奧古斯丁蜜斯卡得白酒,https://i.imgur.com/A5xDdsh.jpg,cglqt,,,,,,,,,,,,,,,,,,,,,,,,,,,,,,,,,,,
,奧古斯丁羅亞爾都漢蘇維儂白酒,https://i.imgur.com/24g9YA5.jpg,cfoqt,cflqt,,,,,,,,,,,,,,,,,,,,,,,,,,,,,,,,,,
,拉圖優及十字木桐堡紅酒,https://i.imgur.com/BNWbOF2.jpg,afnqu,aknqu,ajnqu,ainqu,bfnqu,bknqu,bjnqu,binqu,,,,,,,,,,,,,,,,,,,,,,,,,,,,
,隆禾克隆茲艾米達維達麗芙紅酒,https://i.imgur.com/hCrHYRe.jpg,afoqv,ajoqv,bfoqv,bjoqv,,,,,,,,,,,,,,,,,,,,,,,,,,,,,,,,
,慕里斯歐方凱堡紅酒,https://i.imgur.com/Rnh30QJ.jpg,aknqv,bknqv,,,,,,,,,,,,,,,,,,,,,,,,,,,,,,,,,,
,酒棚紅酒,https://i.imgur.com/jLQsPSS.jpg,ainqu,binqu,,,,,,,,,,,,,,,,,,,,,,,,,,,,,,,,,,
,神柱紅酒,https://i.imgur.com/2qUaB7F.jpg,afoqv,ajoqv,akoqv,,,,,,,,,,,,,,,,,,,,,,,,,,,,,,,,,
,上梅多克碧必安中級紅酒,https://i.imgur.com/P9TQ3IW.jpg,ajmqu,bjmqu,,,,,,,,,,,,,,,,,,,,,,,,,,,,,,,,,,
,上梅多克波黑美中級紅酒,https://i.imgur.com/UEjyoT1.jpg,afnqv,ajnqv,aenqv,aknqv,bfnqv,bjnqv,benqv,bknqv,,,,,,,,,,,,,,,,,,,,,,,,,,,,
,上梅多克拉芭堡中級紅酒,https://i.imgur.com/UKgXMYb.jpg,afoqv,ajoqv,bfoqv,bjoqv,,,,,,,,,,,,,,,,,,,,,,,,,,,,,,,,
,上梅多克培瑪雷堡紅酒,https://i.imgur.com/QHCpoW4.jpg,akoqv,bkoqv,,,,,,,,,,,,,,,,,,,,,,,,,,,,,,,,,,
,上梅多克拉孟特二軍堡紅酒,https://i.imgur.com/HjgKYNQ.jpg,afoqu,afpqu,ajoqu,ajpqu,,,,,,,,,,,,,,,,,,,,,,,,,,,,,,,,
,梅多克銀堡中級紅酒,https://i.imgur.com/KJontUq.jpg,aflqu,ajlqu,aklqu,,,,,,,,,,,,,,,,,,,,,,,,,,,,,,,,,
,梅多克潘多瓦堡中級紅酒,https://i.imgur.com/H2KwLnb.jpg,afnqu,ajnqu,aknqu,,,,,,,,,,,,,,,,,,,,,,,,,,,,,,,,,
,梅多克拉巴帝中級紅酒,https://i.imgur.com/tO3nDY1.jpg,afnqu,ajnqu,aenqu,bfnqu,bjnqu,benqu,,,,,,,,,,,,,,,,,,,,,,,,,,,,,,
,梅多克雷斯特堡中級紅酒,https://i.imgur.com/HUf7JVN.jpg,afoqu,ajoqu,akoqu,bfoqu,bjoqu,bkoqu,,,,,,,,,,,,,,,,,,,,,,,,,,,,,,
,里斯塔克梅多克薩郎索堡中級紅酒,https://i.imgur.com/todQz7T.jpg,afpqv,akpqv,dfpqv,dkpqv,,,,,,,,,,,,,,,,,,,,,,,,,,,,,,,,
,里斯塔克梅多克里昂貝琳堡,https://i.imgur.com/cuJJqjO.jpg,afoqv,bfoqv,dfoqv,,,,,,,,,,,,,,,,,,,,,,,,,,,,,,,,,
,丹瑪索堡紅酒,https://i.imgur.com/TCDu04X.jpg,afnqt,,,,,,,,,,,,,,,,,,,,,,,,,,,,,,,,,,,
,卡斯提雍丘拉帝格堡紅酒,https://i.imgur.com/c1SxDHc.jpg,afnqt,aknqt,bfnqt,bknqt,,,,,,,,,,,,,,,,,,,,,,,,,,,,,,,,
,杜道酒廠酒神精選紅酒,https://i.imgur.com/k3D70MR.jpg,afnrt,afnqt,afort,afoqt,aknrt,aknqt,akort,akoqt,bfnrt,bfnqt,bfort,bfoqt,bknrt,bknqt,bkort,bkoqt,cfnrt,cfnqt,cfort,cfoqt,cknrt,cknqt,ckort,ckoqt,,,,,,,,,,,,
,杜道酒廠卡地諾紅酒,https://i.imgur.com/oPyAsHk.jpg,afnqu,aflqu,,,,,,,,,,,,,,,,,,,,,,,,,,,,,,,,,,
,聖愛臺麗蓮拉杜堡,https://i.imgur.com/GvLyTaY.jpg,afnqv,ajnqv,aknqv,bfnqv,bjnqv,bknqv,dfnqv,djnqv,dknqv,,,,,,,,,,,,,,,,,,,,,,,,,,,
,普榭甘聖愛美濃太陽堡紅酒,https://i.imgur.com/sdycRpS.jpg,afoqv,aioqv,bfoqv,bioqv,,,,,,,,,,,,,,,,,,,,,,,,,,,,,,,,
,蒙佩哈堡紅酒,https://i.imgur.com/Dpuh2l8.jpg,afpqv,akpqv,bfpqv,bkpqv,,,,,,,,,,,,,,,,,,,,,,,,,,,,,,,,
,卡斯提雍丘蒙培薩丘堡紅酒,https://i.imgur.com/wZkRsao.jpg,afnqu,aknqu,bfnqu,bknqu,,,,,,,,,,,,,,,,,,,,,,,,,,,,,,,,
,波爾多JB十字圓紅酒,https://i.imgur.com/Ii3lmXZ.jpg,bfnqt,bjnqt,,,,,,,,,,,,,,,,,,,,,,,,,,,,,,,,,,
,歐伯公爵紅酒,https://i.imgur.com/7PV5i42.jpg,aenqu,ajnqu,aknqu,benqu,bjnqu,bknqu,denqu,djnqu,dknqu,,,,,,,,,,,,,,,,,,,,,,,,,,,
,翹鬍子亨利貓頭鷹加美紅酒,https://i.imgur.com/1f63it4.jpg,afnqu,ainqu,bfnqu,binqu,,,,,,,,,,,,,,,,,,,,,,,,,,,,,,,,
,卡思黛樂家族典藏希哈紅酒,https://i.imgur.com/JHuYNiq.jpg,afnqu,ajnqu,,,,,,,,,,,,,,,,,,,,,,,,,,,,,,,,,,
,卡思黛樂家族梅洛紅酒,https://i.imgur.com/yabCgEg.jpg,afnrt,afnqt,ajnrt,ajnqt,,,,,,,,,,,,,,,,,,,,,,,,,,,,,,,,
,卡思黛樂家族卡本內蘇維翁紅酒,https://i.imgur.com/vefGuu1.jpg,afnrt,afnqt,afort,afoqt,ajnrt,ajnqt,ajort,ajoqt,,,,,,,,,,,,,,,,,,,,,,,,,,,,
,卡思黛樂家族典藏夏多內白酒,https://i.imgur.com/5r3Pgif.jpg,chlqu,cjlqu,,,,,,,,,,,,,,,,,,,,,,,,,,,,,,,,,,
,卡斯特伯爵紅酒,https://i.imgur.com/Vlgi8aw.jpg,afnqu,ajnqu,,,,,,,,,,,,,,,,,,,,,,,,,,,,,,,,,,
,優級波爾多里哥之花堡愛神邱比特紅酒,https://i.imgur.com/MVf2fvh.jpg,afoqu,,,,,,,,,,,,,,,,,,,,,,,,,,,,,,,,,,,
,牧羊少女石頭小屋紅酒,https://i.imgur.com/BuCQLiM.jpg,afnqv,afmqv,aflqv,aknqv,akmqv,aklqv,bfnqv,bfmqv,bflqv,bknqv,bkmqv,bklqv,,,,,,,,,,,,,,,,,,,,,,,,
,希帝紅酒,https://i.imgur.com/yII6e2r.jpg,aflqv,ailqv,cflqv,cilqv,,,,,,,,,,,,,,,,,,,,,,,,,,,,,,,,
,侯爵薩柏隆河紅酒,https://i.imgur.com/7OWgUFY.jpg,aflqv,afnqv,,,,,,,,,,,,,,,,,,,,,,,,,,,,,,,,,,
,創世紀波爾多紅酒,https://i.imgur.com/6tC2J4A.jpg,afnqv,ainqv,ajnqv,aknqv,bfnqv,binqv,bjnqv,bknqv,,,,,,,,,,,,,,,,,,,,,,,,,,,,
,普萊桑斯堡紅酒,https://i.imgur.com/ksmQiBS.jpg,afnqt,bfnqt,,,,,,,,,,,,,,,,,,,,,,,,,,,,,,,,,,
,紫羅蘭風土科倫坡紅酒,https://i.imgur.com/dzgG9C0.jpg,afnqu,afpqu,,,,,,,,,,,,,,,,,,,,,,,,,,,,,,,,,,
,紫羅蘭風土科倫坡白酒,https://i.imgur.com/bPZegPk.jpg,bioqu,binqu,beoqu,benqu,bgoqu,bgnqu,cioqu,cinqu,ceoqu,cenqu,cgoqu,cgnqu,,,,,,,,,,,,,,,,,,,,,,,,
,卡維王子紅酒,https://i.imgur.com/Vv6WYuc.jpg,bfnru,bjnru,dfnru,djnru,,,,,,,,,,,,,,,,,,,,,,,,,,,,,,,,
,波菲堡精選紅酒,https://i.imgur.com/ggeSTWv.jpg,afnru,aforu,ajnru,ajoru,dfnru,dforu,djnru,djoru,,,,,,,,,,,,,,,,,,,,,,,,,,,,
,法選金騎士堡紅酒,https://i.imgur.com/MfdkOtG.jpg,afprt,,,,,,,,,,,,,,,,,,,,,,,,,,,,,,,,,,,
,蒙地卡羅紅酒,https://i.imgur.com/yZSeJJL.jpg,afprt,afnrt,ajprt,ajnrt,,,,,,,,,,,,,,,,,,,,,,,,,,,,,,,,
,大道玫瑰紅酒,https://i.imgur.com/sL9avF6.jpg,demrt,,,,,,,,,,,,,,,,,,,,,,,,,,,,,,,,,,,
,紅寶石波特酒,https://i.imgur.com/nFNdGil.jpg,dfnqv,dflqv,,,,,,,,,,,,,,,,,,,,,,,,,,,,,,,,,,
,家福波特白酒,https://i.imgur.com/hJ8ZmpW.jpg,aflqu,aelqu,dflqu,delqu,,,,,,,,,,,,,,,,,,,,,,,,,,,,,,,,
,家福波特紅酒,https://i.imgur.com/NeBrcmF.jpg,aimqu,ajmqu,,,,,,,,,,,,,,,,,,,,,,,,,,,,,,,,,,
,家福10年波特紅酒,https://i.imgur.com/bIqGACq.jpg,aknqv,dknqv,,,,,,,,,,,,,,,,,,,,,,,,,,,,,,,,,,
,皇馬莊園紅酒,https://i.imgur.com/MZWxQOx.jpg,afnqt,ainqt,bfnqt,binqt,,,,,,,,,,,,,,,,,,,,,,,,,,,,,,,,
,月亮酒莊銀月白酒,https://i.imgur.com/CWGu8rV.jpg,cglqv,cflqv,cjlqv,dglqv,dflqv,djlqv,,,,,,,,,,,,,,,,,,,,,,,,,,,,,,
,馬奎斯紅酒,https://i.imgur.com/S8aw1VP.jpg,aflqt,cflqt,,,,,,,,,,,,,,,,,,,,,,,,,,,,,,,,,,
,雪狐紅酒,https://i.imgur.com/ccsG23q.jpg,afnqu,,,,,,,,,,,,,,,,,,,,,,,,,,,,,,,,,,,
,VDT松柏園紅酒,https://i.imgur.com/EmBEtyB.jpg,ajnrt,aknrt,,,,,,,,,,,,,,,,,,,,,,,,,,,,,,,,,,
,藍多克密內瓦拉米貝托堡紅酒,https://i.imgur.com/CR9EziM.jpg,afnqu,ainqu,,,,,,,,,,,,,,,,,,,,,,,,,,,,,,,,,,
